x,y,class
0.0026986,-0.00091004,0
0.0024723,-0.0010862,0
0.0027479,-0.0010061,0
0.0027991,-0.0010159,0
0.002159,-0.00085584,0
0.0023588,-0.0013998,0
0.002666,-0.0010275,0
0.0025961,-0.0012247,0
0.0019066,-0.0012749,0
0.0023405,-0.001041,0
0.002481,-0.0011873,0
0.002577,-0.0012745,0
0.0022261,-0.0010782,0
0.0023441,-0.0013233,0
0.0022988,-0.0012598,0
0.0014474,-0.0013385,0
0.0024512,-0.001211,0
0.0011265,-0.0013851,0
0.0024067,-0.0010621,0
0.0018994,-0.0013447,0
0.0027283,-0.00093767,0
0.0023937,-0.0010952,0
0.0026217,-0.00083918,0
0.002459,-0.0010705,0
0.0024265,-0.0011226,0
0.0025631,-0.0011506,0
0.0024699,-0.0011249,0
0.0019647,-0.00099185,0
0.0015949,-0.00097907,0
0.0026327,-0.00066677,0
0.0026464,-0.0010807,0
0.0023625,-0.0012999,0
0.0022612,-0.001341,0
0.0024856,-0.0012835,0
0.002466,-0.0011574,0
0.0028461,-0.00092286,0
0.0025687,-0.0011796,0
0.0023713,-0.001297,0
0.0018581,-0.001295,0
0.0021919,-0.0011147,0
0.0023777,-0.0011482,0
0.002555,-0.0011214,0
0.0021878,-0.0011266,0
0.0023908,-0.0013144,0
0.0019419,-0.0012463,0
0.0019864,-0.0012103,0
0.0027508,-0.00094352,0
0.0019857,-0.00093618,0
0.0026036,-0.0011545,0
0.0028105,-0.00070619,0
0.0015461,-0.0011359,0
0.0014715,-0.0012611,0
0.0026796,-0.0011403,0
0.0022073,-0.0013421,0
0.0027307,-0.00069212,0
0.0022,-0.00050428,0
0.0026758,-0.0010938,0
0.0017968,-0.0014613,0
0.0020041,-0.0013827,0
0.0017649,-0.0015006,0
0.0025429,-0.0011935,0
0.0025067,-0.0011691,0
0.0026418,-0.0013136,0
0.0026769,-0.0010021,0
0.0027801,-0.0010536,0
0.0020289,-0.0011713,0
0.0025786,-0.0012996,0
0.0027817,-0.0011498,0
0.0018471,-0.0010048,0
0.002725,-0.00087645,0
0.0019686,-0.0011371,0
0.0025301,-0.0012118,0
0.0022107,-0.0013445,0
0.0028607,-0.00089854,0
0.0022623,-0.00098927,0
0.0024182,-0.0010642,0
0.0013417,-0.0012492,0
0.0020551,-0.0012107,0
0.0020636,-0.0010283,0
0.0012313,-0.0013614,0
0.00271,-0.0012094,0
0.0025573,-0.0011755,0
0.0027307,-0.001137,0
0.0027053,-0.0010725,0
0.0026554,-0.0011763,0
0.0027268,-0.00084262,0
0.0019186,-0.0010922,0
0.0028062,-0.0010265,0
0.0028397,-0.0011071,0
0.0025352,-0.00074088,0
0.002471,-0.00093024,0
0.0019201,-0.0012941,0
0.0021311,-0.001459,0
0.0027515,-0.0010517,0
0.0016614,-0.0011814,0
0.0015184,-0.0012705,0
0.0024001,-0.0012256,0
0.0019228,-0.00098619,0
0.0021153,-0.00072423,0
0.0026906,-0.001019,0
0.0021379,-0.0012293,0
0.0026626,-0.00099364,0
0.0025668,-0.001213,0
0.0025729,-0.0012053,0
0.0028361,-0.0008936,0
0.0024977,-0.0011381,0
0.0027297,-0.001263,0
0.0023069,-0.00096705,0
0.0012867,-0.001006,0
0.0012734,-0.0012007,0
0.0027439,-0.00086797,0
0.0020726,-0.00098671,0
0.0017983,-0.0013151,0
0.0027763,-0.00069152,0
0.0025145,-0.0012143,0
0.0024497,-0.0010401,0
0.0021519,-0.0012567,0
0.0016071,-0.0010301,0
0.0025447,-0.0012828,0
0.0022416,-0.000932,0
0.0018032,-0.0013592,0
0.002827,-0.00086027,0
0.0027131,-0.0011383,0
0.001251,-0.0014961,0
0.0022267,-0.00083878,0
0.0019345,-0.0011211,0
0.0026428,-0.00095733,0
0.0024704,-0.0012464,0
0.0025379,-0.00071387,0
0.0026682,-0.0011736,0
0.0025339,-0.001147,0
0.0024902,-0.0010735,0
0.0024725,-0.0013524,0
0.0022427,-0.0012698,0
0.0014149,-0.0013336,0
0.0024559,-0.00084001,0
0.0026317,-0.0010751,0
0.0024472,-0.0011795,0
0.0024571,-0.0012746,0
0.0023099,-0.001294,0
0.0027398,-0.00090315,0
0.0024103,-0.0013707,0
0.0027839,-0.00079535,0
0.0021203,-0.0010001,0
0.0028118,-0.00069987,0
0.0028064,-0.00087815,0
0.0026615,-0.00095247,0
0.0015613,-0.0012592,0
0.0022834,-0.0013946,0
0.0022431,-0.0013768,0
0.0027823,-0.0011135,0
0.0021526,-0.001264,0
0.0023512,-0.0011929,0
0.0014372,-0.0012593,0
0.0019973,-0.0012,0
0.0019667,-0.001235,0
0.0025484,-0.00065867,0
0.0025184,-0.00083772,0
0.0020531,-0.0012798,0
0.0023513,-0.0011606,0
0.0027379,-0.00092533,0
0.0025483,-0.0012157,0
0.0027649,-0.00093242,0
0.0027383,-0.00086684,0
0.0020988,-0.0010811,0
0.0016558,-0.0011639,0
0.0016608,-0.0011051,0
0.0017,-0.0011827,0
0.0024683,-0.00118,0
0.0016061,-0.0011954,0
0.0025738,-0.0012846,0
0.0024488,-0.0011752,0
0.0024981,-0.0011077,0
0.0027929,-0.00053259,0
0.0028036,-0.0010471,0
0.002302,-0.0010655,0
0.001675,-0.001468,0
0.0025194,-0.001219,0
0.0027401,-0.0011199,0
0.0022271,-0.0012226,0
0.0021331,-0.0011389,0
0.0026883,-0.0011195,0
0.0021813,-0.001244,0
0.0015413,-0.001218,0
0.0014649,-0.001141,0
0.0028209,-0.00093488,0
0.0023898,-0.0010607,0
0.0024696,-0.0011857,0
0.0022943,-0.0012884,0
0.0025802,-0.0008373,0
0.0026743,-0.00088467,0
0.0025247,-0.00090495,0
0.0024891,-0.0011701,0
0.0024358,-0.00087251,0
0.0023307,-0.0010146,0
0.0022716,-0.0009956,0
0.0026879,-0.0010219,0
0.0026487,-0.0011135,0
0.0027553,-0.0010647,0
0.0017948,-0.00097912,0
0.0024321,-0.001141,0
0.002823,-0.0010281,0
0.0028782,-0.0009495,0
0.0028666,-0.0010427,0
0.0027257,-0.0010436,0
0.0024031,-0.0012782,0
0.0027165,-0.00097103,0
0.0026184,-0.00108,0
0.0027451,-0.00094024,0
0.0025902,-0.0013024,0
0.0023028,-0.0011524,0
0.0021118,-0.0013772,0
0.0026725,-0.0010151,0
0.0027218,-0.00096553,0
0.0015056,-0.0010431,0
0.0018542,-0.00093782,0
0.0020744,-0.0013987,0
0.0024523,-0.0011833,0
0.0028383,-0.00080866,0
0.0018476,-0.0011318,0
0.0021149,-0.0013263,0
0.001863,-0.0011173,0
0.0020402,-0.0013727,0
0.0026284,-0.0011453,0
0.0021682,-0.00085088,0
0.0027728,-0.0011446,0
0.0026993,-0.00098414,0
0.0017921,-0.0011404,0
0.002801,-0.0011404,0
0.0027,-0.0012062,0
0.0027058,-0.00097266,0
0.0025246,-0.0010722,0
0.0024567,-0.00052142,0
0.0028208,-0.00082355,0
0.0023948,-0.0012553,0
0.0024706,-0.00099807,0
0.0025937,-0.0011351,0
0.0027986,-0.0010625,0
0.0026959,-0.0010021,0
0.0026133,-0.0011536,0
0.001871,-0.0013017,0
0.0021202,-0.0010076,0
0.002092,-0.0011444,0
0.0021929,-0.00083847,0
0.0027199,-0.0010494,0
0.0028181,-0.00088892,0
0.0022466,-0.00084563,0
0.0022566,-0.0012054,0
0.0023289,-0.0012247,0
0.001713,-0.0013765,0
0.002591,-0.001209,0
0.0028209,-0.0011019,0
0.00091017,-0.0015134,0
0.002455,-0.001164,0
0.0014225,-0.0015226,0
0.0013763,-0.0012231,0
0.0012352,-0.00058406,0
0.0028421,-0.0010467,0
0.0024985,-0.00078498,0
0.0024833,-0.0011179,0
0.0026349,-0.0011662,0
0.0027138,-0.0010581,0
0.0018598,-0.0012572,0
0.0026769,-0.0010756,0
0.0026471,-0.0012391,0
0.0017293,-0.0011886,0
0.0019764,-0.0012444,0
0.0028722,-0.0010097,0
0.0028266,-0.0010194,0
0.0020378,-0.0010083,0
0.0022507,-0.0011162,0
0.0017945,-0.0013799,0
0.0028366,-0.00086791,0
0.0027973,-0.00095183,0
0.002466,-0.0013035,0
0.0026532,-0.0010731,0
0.0028289,-0.00063674,0
0.0019439,-0.0012773,0
0.0024738,-0.0011538,0
0.0022939,-0.0012758,0
0.0022042,-0.00071636,0
0.0026263,-0.00077411,0
0.0021878,-0.0013012,0
0.0027327,-0.00073009,0
0.0027984,-0.00090282,0
0.0028156,-0.0010197,0
0.0027949,-0.0010012,0
0.0024776,-0.00087665,0
0.0021715,-0.0012099,0
0.0016565,-0.0012395,0
0.0013769,-0.0012277,0
0.0018532,-0.0014742,0
0.0018912,-0.0012155,0
0.0019167,-0.001062,0
0.002358,-0.0013166,0
0.0027828,-0.00092182,0
0.0016786,-0.001358,0
0.0023457,-0.0014157,0
0.0024738,-0.00092988,0
0.0024677,-0.001065,0
0.0024259,-0.0010399,0
0.0025327,-0.001113,0
0.002719,-0.00077516,0
0.0027411,-0.0011418,0
0.0019684,-0.0012034,0
0.0022777,-0.0010747,0
0.0025297,-0.0010773,0
0.0023911,-0.001011,0
0.0027519,-0.0011788,0
0.0027633,-0.0010139,0
0.0025819,-0.0012324,0
0.0017538,-0.00112,0
0.0020471,-0.0013433,0
0.0014518,-0.0012067,0
0.0022549,-0.0011561,0
0.0022935,-0.0010844,0
0.0027912,-0.00088838,0
0.0024737,-0.0011628,0
0.0023831,-0.0012848,0
0.0028116,-0.00082494,0
0.0025792,-0.0010931,0
0.0028191,-0.00088404,0
0.0027875,-0.00098532,0
0.0022839,-0.00098786,0
0.002544,-0.00054328,0
0.0026414,-0.00099227,0
0.0028041,-0.00099167,0
0.0015306,-0.0011414,0
0.0014029,-0.0012698,0
0.0016037,-0.0012193,0
0.00197,-0.0011243,0
0.0026864,-0.00099029,0
0.0027473,-0.00055106,0
0.0011378,-0.0013515,0
0.0010062,-0.0013795,0
0.0010322,-0.0015243,0
0.0016999,-0.0012355,0
0.0017666,-0.0015156,0
0.0014113,-0.0014036,0
0.0017079,-0.0013177,0
0.002209,-0.00063503,0
0.0027916,-0.00052682,0
0.0025568,-0.0010429,0
0.001794,-0.0011004,0
0.0024477,-0.001322,0
0.0027207,-0.00088365,0
0.0019785,-0.0012314,0
0.0019928,-0.0012667,0
0.0024293,-0.00071699,0
0.0017158,-0.0015262,0
0.0028791,-0.00099751,0
0.00072692,-0.0013971,0
0.0028139,-0.00084002,0
0.0023689,-0.0012295,0
0.0027522,-0.0010765,0
0.0018637,-0.0012927,0
0.0016243,-0.0011469,0
0.0018387,-0.0012698,0
0.0016572,-0.0012108,0
0.0023808,-0.0009625,0
0.0025765,-0.00081742,0
0.0023995,-0.0012782,0
0.0024261,-0.00089558,0
0.002337,-0.0010374,0
0.0025718,-0.0010197,0
0.0020218,-0.0014791,0
0.0025543,-0.0012041,0
0.0027617,-0.0010582,0
0.0019329,-0.0013183,0
0.0018738,-0.0012912,0
0.0023656,-0.0012134,0
0.0015757,-0.0013839,0
0.0023607,-0.0013909,0
0.0017482,-0.00091497,0
0.0023378,-0.0012275,0
0.0025662,-0.0010037,0
0.0026075,-0.0011724,0
0.001354,-0.0011543,0
0.0028811,-0.00080821,0
0.0026743,-0.0012267,0
0.002757,-0.0012085,0
0.0027497,-0.00074877,0
0.0023557,-0.0010908,0
0.0018375,-0.0013992,0
0.0015827,-0.0011241,0
0.0025105,-0.001213,0
0.0016032,-0.0012831,0
0.0027893,-0.0009966,0
0.00267,-0.0011484,0
0.0028026,-0.0010145,0
0.0024697,-0.0011092,0
0.0023881,-0.0012036,0
0.0021176,-0.0014019,0
0.0027744,-0.00099193,0
0.0022268,-0.0011178,0
0.0018398,-0.0010541,0
0.0019728,-0.0012679,0
0.0024608,-0.0010047,0
0.0025463,-0.0011679,0
0.0024876,-0.0011526,0
0.0026634,-0.0010936,0
0.0026934,-0.00085665,0
0.0021593,-0.00077768,0
0.0027983,-0.00082043,0
0.0026775,-0.00066006,0
0.002731,-0.00040462,0
0.0028411,-0.00092993,0
0.0025014,-0.0013103,0
0.0016893,-0.0011082,0
0.0025728,-0.0012791,0
0.0023704,-0.0012083,0
0.0021374,-0.001218,0
0.002666,-0.0010691,0
0.002678,-0.00098407,0
0.0026938,-0.00097551,0
0.0016631,-0.001132,0
0.0017271,-0.001082,0
0.0017389,-0.0012253,0
0.002769,-0.0010178,0
0.0027669,-0.0008819,0
0.0026588,-0.001051,0
0.0026546,-0.0010292,0
0.0026464,-0.0009842,0
0.0018438,-0.0013569,0
0.0022001,-0.0012937,0
0.0027373,-0.00074656,0
0.0024863,-0.0011016,0
0.0023934,-0.0010968,0
0.002632,-0.0010509,0
0.0015546,-0.0012001,0
0.0028349,-0.0010631,0
0.0014255,-0.001257,0
0.0021112,-0.00086302,0
0.0021334,-0.0013643,0
0.0024362,-0.0010794,0
0.0027492,-0.0011784,0
0.0014888,-0.0010884,0
0.0018212,-0.0011798,0
0.0013683,-0.0013577,0
0.0021228,-0.0010805,0
0.0025432,-0.0011003,0
0.0024027,-0.0010031,0
0.0013726,-0.0011445,0
0.0024599,-0.00071319,0
0.0021755,-0.0011265,0
0.002491,-0.00059919,0
0.0025035,-0.00092252,0
0.0025678,-0.0010286,0
0.0022641,-0.0011527,0
0.0023097,-0.0011949,0
0.0025208,-0.00045797,0
0.0024158,-0.0011416,0
0.001612,-0.0015452,0
0.0025277,-0.0011425,0
0.0018963,-0.0008226,0
0.0014107,-0.00125,0
0.0025125,-0.0012744,0
0.0027655,-0.0009646,0
0.0026079,-0.00082865,0
0.0025898,-0.0011936,0
0.002788,-0.00099475,0
0.0022336,-0.0012781,0
0.002724,-0.0010401,0
0.0020967,-0.0012762,0
0.0026098,-0.0012243,0
0.0027289,-0.0012116,0
0.002169,-0.0010401,0
0.002632,-0.0010918,0
0.0010763,-0.0014068,0
0.0016382,-0.0010533,0
0.0017183,-0.0011504,0
0.0024549,-0.001242,0
0.0019647,-0.00122,0
0.0025952,-0.0006302,0
0.0026686,-0.00064737,0
0.0025563,-0.0011653,0
0.0018027,-0.00085868,0
0.002167,-0.00082602,0
0.0026364,-0.00088698,0
0.0026499,-0.00091827,0
0.002002,-0.0012628,0
0.0022909,-0.00095414,0
0.0027701,-0.00087942,0
0.0024833,-0.0012661,0
0.0012732,-0.0014111,0
0.0027084,-0.0011351,0
0.0016393,-0.0011315,0
0.002138,-0.0013231,0
0.0025842,-0.00090459,0
0.0023755,-0.0013199,0
0.0021857,-0.0011708,0
0.0018921,-0.0012287,0
0.0012434,-0.0014323,0
0.0018866,-0.0012501,0
0.0021233,-0.0012105,0
0.0021997,-0.0010171,0
0.0026016,-0.00092107,0
0.0026054,-0.0011668,0
0.0023949,-0.0010634,0
0.0017588,-0.0010699,0
0.0016536,-0.0011131,0
0.0021946,-0.00093268,0
0.0022571,-0.0011668,0
0.0020287,-0.00089512,0
0.002632,-0.001111,0
0.002808,-0.00075141,0
0.0017871,-0.0010361,0
0.0025621,-0.0010879,0
0.0024995,-0.0007243,0
0.0027261,-0.0010062,0
0.0027644,-0.0010697,0
0.0023195,-0.0012457,0
0.002601,-0.00056341,0
0.0017568,-0.0014426,0
0.0025806,-0.0013356,0
0.0024759,-0.0012066,0
0.0028144,-0.0006891,0
0.0028342,-0.00080831,0
0.0024906,-0.0012651,0
0.0027,-0.0010887,0
0.0019834,-0.0011662,0
0.0025272,-0.0010687,0
0.0026951,-0.0010356,0
0.0026596,-0.0011373,0
0.0024278,-0.0011004,0
0.0026501,-0.0011165,0
0.0024954,-0.0013882,0
0.0022311,-0.00080429,0
0.0028853,-0.00078655,0
0.0026153,-0.0011624,0
0.0016591,-0.0011905,0
0.0025317,-0.0012632,0
0.0016648,-0.0010824,0
0.0025504,-0.0010634,0
0.0026236,-0.0012308,0
0.002711,-0.0010535,0
0.0027592,-0.0011546,0
0.0018341,-0.00134,0
0.0018247,-0.001028,0
0.0022579,-0.00098067,0
0.00226,-0.0013051,0
0.0028057,-0.00074225,0
0.002884,-0.00096804,0
0.0028566,-0.00096918,0
0.0028181,-0.001196,0
0.0026777,-0.0010062,0
0.0026864,-0.00091375,0
0.0027175,-0.00096433,0
0.0027858,-0.0011398,0
0.0027665,-0.001066,0
0.00279,-0.0010502,0
0.002784,-0.0010824,0
0.00248,-0.0010072,0
0.0025553,-0.0009115,0
0.0026223,-0.0010816,0
0.0020177,-0.001181,0
0.0018016,-0.0010147,0
0.0019719,-0.0011535,0
0.0020712,-0.0011359,0
0.0016883,-0.0011675,0
0.0028054,-0.00079885,0
0.0027872,-0.00090988,0
0.0023315,-0.001027,0
0.0028997,-0.0010354,0
0.0017459,-0.0013105,0
0.0028487,-0.00090264,0
0.0025564,-0.00092206,0
0.0017024,-0.0014612,0
0.0026888,-0.00087792,0
0.0027241,-0.00085698,0
0.0024219,-0.0011616,0
0.0027116,-0.0011619,0
0.002494,-0.0012496,0
0.0027767,-0.00066392,0
0.0020285,-0.0011814,0
0.0023066,-0.001114,0
0.0027491,-0.00087589,0
0.0028164,-0.0010154,0
0.0027224,-0.00069196,0
0.0027005,-0.00099507,0
0.0027777,-0.0010262,0
0.0016598,-0.0011148,0
0.0014362,-0.0013343,0
0.002054,-0.001396,0
0.0025145,-0.00090525,0
0.0020844,-0.00099617,0
0.0014556,-0.0011859,0
0.0020675,-0.0008262,0
0.0026726,-0.0010949,0
0.0028406,-0.00093291,0
0.0028415,-0.00075115,0
0.0020767,-0.0010765,0
0.0026808,-0.00094716,0
0.0023488,-0.001249,0
0.0015791,-0.00098909,0
0.0026287,-0.00078645,0
0.0026817,-0.0010829,0
0.002761,-0.00091636,0
0.0025224,-0.0010903,0
0.002838,-0.00086904,0
0.0025882,-0.0010676,0
0.0011013,-0.001242,0
0.0021327,-0.0010988,0
0.002578,-0.001061,0
0.0027282,-0.0011457,0
0.0023356,-0.0011878,0
0.0023983,-0.0011824,0
0.0027117,-0.00097243,0
0.0026572,-0.0010836,0
0.0024291,-0.0012274,0
0.0024839,-0.0012737,0
0.0027817,-0.00098798,0
0.0025999,-0.0012497,0
0.0017137,-0.0010258,0
0.0026591,-0.0010905,0
0.001993,-0.00106,0
0.0016147,-0.0011937,0
0.0026976,-0.00092528,0
0.0021538,-0.0010804,0
0.0028265,-0.00074694,0
0.0021164,-0.0010881,0
0.0027473,-0.0007128,0
0.0028027,-0.0010084,0
0.0010894,-0.0012601,0
0.0027478,-0.0011326,0
0.0017144,-0.0011938,0
0.0023129,-0.00085544,0
0.0019455,-0.0014104,0
0.0018768,-0.0010139,0
0.0017197,-0.0011704,0
0.0025833,-0.0010487,0
0.0028235,-0.00096573,0
0.0027037,-0.0011483,0
0.002259,-0.00097859,0
0.0021375,-0.0014044,0
0.0021275,-0.00099502,0
0.0027002,-0.00089885,0
0.0022452,-0.0014127,0
0.0023387,-0.0011075,0
0.002529,-0.0010715,0
0.0020389,-0.0011472,0
0.0028159,-0.00083085,0
0.0026311,-0.0011219,0
0.0017426,-0.00084008,0
0.0024274,-0.0012157,0
0.0023956,-0.0010831,0
0.0027403,-0.00098324,0
0.002601,-0.0010346,0
0.0028415,-0.00088303,0
0.0027401,-0.00061413,0
0.0019116,-0.0012733,0
0.0021551,-0.0014196,0
0.0027874,-0.00096563,0
0.0028611,-0.00088276,0
0.0027445,-0.00089363,0
0.0027921,-0.00086497,0
0.0023703,-0.001197,0
0.002771,-0.0012504,0
0.0016163,-0.0013243,0
0.0023429,-0.0013092,0
0.0021017,-0.0010612,0
0.0025951,-0.0010261,0
0.0028419,-0.0011684,0
0.0019945,-0.00070573,0
0.0025204,-0.0010082,0
0.0028055,-0.00057101,0
0.0023163,-0.0011688,0
0.0020121,-0.0012054,0
0.0026516,-0.00083787,0
0.002789,-0.00083845,0
0.0021767,-0.0013138,0
0.0026041,-0.0011062,0
0.0027765,-0.0010583,0
0.0027903,-0.00092717,0
0.0025741,-0.00083903,0
0.0022302,-0.0010788,0
0.0028205,-0.00099225,0
0.0028004,-0.0010171,0
0.002815,-0.00087965,0
0.0026554,-0.001185,0
0.0023747,-0.0012507,0
0.0027807,-0.00072254,0
0.0027699,-0.00098252,0
0.0027472,-0.00084659,0
0.0027309,-0.0011663,0
0.0021045,-0.0012668,0
0.0023412,-0.00089944,0
0.0021117,-0.0012259,0
0.0019892,-0.0013657,0
0.0021093,-0.0013735,0
0.0024476,-0.0013036,0
0.0024369,-0.0010532,0
0.0028412,-0.00087437,0
0.0018997,-0.0014435,0
0.0015744,-0.0012929,0
0.0026449,-0.0010802,0
0.0020782,-0.0012384,0
0.0024586,-0.0010462,0
0.0027217,-0.00098975,0
0.0025745,-0.00057464,0
0.001686,-0.0011552,0
0.0016522,-0.0013197,0
0.0026521,-0.0010049,0
0.0024199,-0.0012092,0
0.0028389,-0.00094947,0
0.001908,-0.0013106,0
0.0026124,-0.00077667,0
0.0017308,-0.0010647,0
0.0027415,-0.0010043,0
0.0027362,-0.0010484,0
0.0024214,-0.00078304,0
0.0024192,-0.0011423,0
0.0026169,-0.0011798,0
0.0011486,-0.0014827,0
0.0027661,-0.0010225,0
0.0028621,-0.00090274,0
0.0017405,-0.0013662,0
0.0028617,-0.0009958,0
0.0028202,-0.00089318,0
0.0020498,-0.0012246,0
0.0026069,-0.0011897,0
0.0027947,-0.0011159,0
0.0020245,-0.0013673,0
0.0020976,-0.00091122,0
0.0018092,-0.0011314,0
0.0017178,-0.0012333,0
0.002728,-0.0010234,0
0.0025985,-0.0012052,0
0.002575,-0.00056723,0
0.0018148,-0.0013064,0
0.0022269,-0.0014106,0
0.0019464,-0.0012298,0
0.0022477,-0.0012676,0
0.0028431,-0.0012105,0
0.001827,-0.0010089,0
0.002333,-0.001332,0
0.0027805,-0.0011194,0
0.0019534,-0.0012321,0
0.00278,-0.0011849,0
0.0019945,-0.0011353,0
0.0021723,-0.0010732,0
0.0026862,-0.00087725,0
0.002823,-0.0010825,0
0.0017977,-0.0013857,0
0.0025224,-0.0012066,0
0.0024096,-0.001209,0
0.0027022,-0.0010625,0
0.0028005,-0.00095933,0
0.0027862,-0.0011586,0
0.0028307,-0.001016,0
0.0012345,-0.0012928,0
0.0015196,-0.0012571,0
0.002479,-0.00090563,0
0.0026293,-0.0010278,0
0.002586,-0.0010833,0
0.0027731,-0.0009572,0
0.0028324,-0.00091862,0
0.0027583,-0.00095878,0
0.0021268,-0.0014748,0
0.0026254,-0.0010492,0
0.0026335,-0.0011567,0
0.0027205,-0.0012568,0
0.0028019,-0.001016,0
0.0027206,-0.00091707,0
0.0028509,-0.00089185,0
0.0026474,-0.00053072,0
0.0017841,-0.0010978,0
0.0027826,-0.0008995,0
0.0025113,-0.00086888,0
0.0024757,-0.0012269,0
0.0024824,-0.00111,0
0.0027271,-0.00091535,0
0.0027199,-0.00095768,0
0.0027778,-0.00094328,0
0.0026417,-0.001188,0
0.0025816,-0.00044776,0
0.0026598,-0.00075011,0
0.0028225,-0.00076412,0
0.0016893,-0.0010518,0
0.0024421,-0.00099735,0
0.0019783,-0.00116,0
0.0028115,-0.0011287,0
0.0018881,-0.0010645,0
0.002584,-0.0012359,0
0.002672,-0.0012586,0
0.0026799,-0.0011115,0
0.0024576,-0.00093851,0
0.0025333,-0.0011465,0
0.0026263,-0.00088517,0
0.0025402,-0.00049053,0
0.0022538,-0.0012008,0
0.0024749,-0.00105,0
0.001479,-0.0012549,0
0.0021733,-0.00097166,0
0.0022174,-0.00076802,0
0.002291,-0.00086572,0
0.0027202,-0.00086123,0
0.0027858,-0.00099209,0
0.0027721,-0.00092341,0
0.0026683,-0.001071,0
0.0026567,-0.0011322,0
0.002849,-0.001035,0
0.0028504,-0.0009787,0
0.0028102,-0.00098276,0
0.0026775,-0.00088389,0
0.0019055,-0.0012208,0
0.0024323,-0.00098782,0
0.0023108,-0.0012865,0
0.0016512,-0.0011453,0
0.0015098,-0.0012405,0
0.0024963,-0.0010955,0
0.0021706,-0.0013832,0
0.0014609,-0.0011305,0
0.0018904,-0.001232,0
0.002581,-0.0006234,0
0.0020879,-0.000872,0
0.0025372,-0.0009767,0
0.0015216,-0.0012903,0
0.0022488,-0.00069619,0
0.0014654,-0.0011203,0
0.0012474,-0.0012876,0
0.0027301,-0.0010321,0
0.0027098,-0.00099581,0
0.002807,-0.0010717,0
0.0026996,-0.0010846,0
0.0024093,-0.0012722,0
0.0027971,-0.00089325,0
0.0020512,-0.0010245,0
0.0021967,-0.0010416,0
0.0017864,-0.0010783,0
0.0016084,-0.0014501,0
0.0015162,-0.0012482,0
0.002591,-0.0012355,0
0.0026717,-0.0009249,0
0.0021169,-0.0011582,0
0.0022947,-0.00074729,0
0.0023474,-0.0012726,0
0.002085,-0.001215,0
0.0020867,-0.00093421,0
0.0018026,-0.0010931,0
0.0025118,-0.0012482,0
0.0020918,-0.0010043,0
0.0026974,-0.0010611,0
0.0024785,-0.0011655,0
0.0022239,-0.00098707,0
0.0023945,-0.0012969,0
0.0017212,-0.0010639,0
0.0017191,-0.00099772,0
0.0024882,-0.0010838,0
0.0018268,-0.0011173,0
0.0027157,-0.00088235,0
0.0028434,-0.0011413,0
0.0025169,-0.0010169,0
0.0019129,-0.0012151,0
0.0025497,-0.0011603,0
0.0027888,-0.0010265,0
0.0016098,-0.0014193,0
0.0027882,-0.00098596,0
0.002371,-0.0011153,0
0.0022099,-0.0011394,0
0.0025876,-0.00073149,0
0.0023374,-0.0010901,0
0.00077477,-0.0015744,0
0.0025,-0.001124,0
0.0027774,-0.0010778,0
0.0024354,-0.00051428,0
0.0026215,-0.00091686,0
0.0024181,-0.0010056,0
0.0024122,-0.0010265,0
0.0028166,-0.00082069,0
0.0026097,-0.00078724,0
0.002213,-0.0011316,0
0.0022255,-0.00056988,0
0.0024825,-0.00098284,0
0.0022866,-0.0012119,0
0.0024785,-0.00068908,0
0.0027128,-0.00091498,0
0.0025943,-0.0013149,0
0.002391,-0.0010623,0
0.0025011,-0.001224,0
0.0024209,-0.0010713,0
0.0019701,-0.0012167,0
0.0023389,-0.0012486,0
0.0024838,-0.0012325,0
0.0024576,-0.0010569,0
0.0016513,-0.0012572,0
0.0023268,-0.0011813,0
0.0022489,-0.0013212,0
0.0027993,-0.00093453,0
0.0026768,-0.0010757,0
0.0012973,-0.0015108,0
0.0023195,-0.0012129,0
0.0024985,-0.0012872,0
0.0026897,-0.00023168,0
0.0017372,-0.00091115,0
0.0014019,-0.0013572,0
0.0019603,-0.0010993,0
0.0024129,-0.00067134,0
0.0024402,-0.00062512,0
0.0026068,-0.00097016,0
0.0024774,-0.00083871,0
0.0026093,-0.0012625,0
0.0025733,-0.0010063,0
0.0028316,-0.0011401,0
0.0027088,-0.0011821,0
0.0026411,-0.00072981,0
0.0010465,-0.0015454,0
0.0028626,-0.0010145,0
0.0025361,-0.0012975,0
0.0017846,-0.0013782,0
0.0023931,-0.0010632,0
0.0022784,-0.0011972,0
0.0027214,-0.0010116,0
0.0027054,-0.0011709,0
0.002418,-0.0011764,0
0.0027802,-0.0010055,0
0.0019712,-0.0011325,0
0.0020698,-0.00099336,0
0.0020696,-0.0010822,0
0.0021966,-0.001397,0
0.002613,-0.00091144,0
0.0023434,-0.0013426,0
0.0014672,-0.0015639,0
0.0018727,-0.0012954,0
0.0019581,-0.0011685,0
0.0025435,-0.0010536,0
0.0026997,-0.0011418,0
0.0021348,-0.0011678,0
0.00082594,-0.0016286,0
0.0026317,-0.00079462,0
0.0022921,-0.0013549,0
0.0022475,-0.0014502,0
0.001993,-0.0012748,0
0.0028296,-0.00090459,0
0.0027379,-0.0008591,0
0.00275,-0.0010513,0
0.0022866,-0.0012034,0
0.0023244,-0.00097523,0
0.0018601,-0.0012946,0
0.0021407,-0.0012468,0
0.0025522,-0.0010675,0
0.0027599,-0.00101,0
0.0026706,-0.00092976,0
0.001728,-0.0010246,0
0.0020499,-0.0012701,0
0.002729,-0.0011899,0
0.002826,-0.0011321,0
0.0023387,-0.001166,0
0.0021651,-0.0012855,0
0.0019029,-0.00089015,0
0.0023306,-0.00097401,0
0.0016373,-0.0012966,0
0.0026285,-0.0013197,0
0.0023751,-0.0011898,0
0.0026441,-0.0011262,0
0.0028129,-0.0009464,0
0.0018234,-0.0009493,0
0.0026853,-0.001223,0
0.0021316,-0.0013824,0
0.0016453,-0.0012903,0
0.0027006,-0.00067514,0
0.0024205,-0.00084111,0
0.0027088,-0.0010648,0
0.002697,-0.0010288,0
0.002807,-0.0010017,0
0.0008396,-0.0018087,0
0.0022902,-0.0012378,0
0.00236,-0.0013135,0
0.0019948,-0.00099253,0
0.0025318,-0.0013,0
0.0028145,-0.0010268,0
0.0019928,-0.0012709,0
0.0028224,-0.00093523,0
0.002622,-0.001283,0
0.0027169,-0.001161,0
0.0026561,-0.0010431,0
0.0026268,-0.0010179,0
0.0028928,-0.0010408,0
0.0024412,-0.0013358,0
0.0017191,-0.0012368,0
0.0023568,-0.0011259,0
0.002602,-0.0011847,0
0.0025065,-0.0012018,0
0.0027619,-0.00097146,0
0.0022306,-0.0012736,0
0.0026568,-0.00099884,0
0.001811,-0.0010642,0
0.0019837,-0.0011943,0
0.0023869,-0.001211,0
0.0025866,-0.0011998,0
0.0023404,-0.0012143,0
0.0023553,-0.0011266,0
0.002771,-0.001115,0
0.0028129,-0.00094917,0
0.0022563,-0.00088345,0
0.0027283,-0.0010524,0
0.0016545,-0.0009527,0
0.0027381,-0.0010836,0
0.0022171,-0.0012742,0
0.0020132,-0.00086085,0
0.001452,-0.0013496,0
0.0019871,-0.0013656,0
0.0015468,-0.0010417,0
0.0022233,-0.0012269,0
0.0015103,-0.00099883,0
0.0009436,-0.0014442,0
0.0025234,-0.0012243,0
0.0015126,-7.92E-05,0
0.0031404,0.00014355,0
0.0019695,-0.00013341,0
0.0021528,-0.00026657,0
0.0025365,-0.0019187,0
0.0035096,0.00045013,0
0.0014167,-0.00037372,0
0.0019273,-0.0017997,0
0.0015628,-0.0012277,0
0.00019348,-0.0021266,0
0.0011824,-0.00070414,0
0.0033073,-0.00010037,0
0.0012074,-0.0016079,0
0.0018353,-0.00034518,0
0.0018761,0.00030587,0
0.0027006,0.00141,0
0.0014436,-0.0010467,0
0.0015835,8.76E-05,0
0.0029361,0.0017694,0
0.0028665,0.00029384,0
0.00077628,-0.0014639,0
0.00306,0.00062653,0
0.0013929,-0.00056227,0
0.0024499,0.00074392,0
0.0022226,6.15E-05,0
0.0026743,-0.00077243,0
0.0030932,-0.00068363,0
0.0022811,-0.00055163,0
0.0027224,-0.0012556,0
0.0015916,9.93E-05,0
0.0020057,0.0013482,0
0.0041365,5.26E-05,0
0.0021903,0.00024248,0
0.0010907,-0.0010412,0
0.0015572,0.00083755,0
0.0013696,-0.00022133,0
0.0017765,-0.00010899,0
0.0025016,-0.0004538,0
0.0016734,-0.0010959,0
0.0033901,0.00090818,0
0.0019895,-0.00027533,0
0.0024786,-0.00028067,0
0.0023034,-0.001422,0
0.0011599,0.00086656,0
0.0028006,-0.0013356,0
0.0011557,-0.00038134,0
0.0027534,0.00055462,0
0.0015512,-7.92E-05,0
0.0020217,0.00028919,0
0.00062341,-0.00077387,0
0.0026135,-0.00094883,0
0.0015438,0.0004616,0
0.0016225,-0.00078781,0
0.0028487,-0.0009688,0
0.001903,-0.00058693,0
0.0015414,0.00069058,0
0.0016354,-0.00048197,0
0.0028173,-0.00028313,0
0.0019933,0.000431,0
0.0017092,-0.00091429,0
0.0020453,-4.48E-05,0
0.002183,0.00062215,0
0.0014872,-0.00045185,0
0.0026329,-0.00022197,0
0.0020671,0.0005201,0
0.0038077,0.00047572,0
0.0013657,0.0011392,0
0.0033202,-0.0011308,0
0.0030513,-0.00027438,0
0.0029994,-0.00020145,0
0.0037645,0.00019912,0
0.001611,-0.00085363,0
0.0039849,-0.00018404,0
0.0025881,-0.00057434,0
0.0037314,-0.00036756,0
0.0017829,-0.00036805,0
0.0014475,0.00063893,0
0.0010698,0.00012695,0
0.0013056,-8.13E-06,0
0.0013656,-0.0013492,0
0.0010669,-0.00011139,0
0.0026333,0.00087194,0
0.0020413,-0.00048531,0
0.0016458,-0.00077728,0
0.0035522,-0.00029522,0
0.0022851,-6.73E-05,0
0.0021244,0.00023083,0
0.0017519,0.00066175,0
0.003641,-7.09E-05,0
0.0008988,-0.0003538,0
0.0021534,0.00086285,0
0.0040284,-0.00013946,0
0.003815,-0.00017573,0
0.0039135,0.00052645,0
0.0034482,-0.00024889,0
0.001283,-0.00013169,0
0.00054013,2.15E-05,0
0.002075,-0.0020437,0
0.0019595,-0.0013999,0
0.00085283,0.00067589,0
0.0010896,-0.0011563,0
0.0042247,0.00056031,0
0.0028239,-0.00048242,0
0.0010706,-0.00038422,0
0.002659,0.00027832,0
0.0016615,0.00065079,0
0.0016642,7.00E-05,0
0.0020369,-8.81E-05,0
0.0019925,0.0004408,0
0.0031049,0.0010551,0
0.0006234,0.00021267,0
0.0024009,-0.00025385,0
0.00199,-0.0010189,0
0.0016365,0.00054483,0
0.0015236,0.00059461,0
0.0013202,0.00037582,0
0.0016897,0.00027991,0
0.0034741,-0.00063861,0
0.0017974,0.00022499,0
0.0017568,-0.0010515,0
0.0030272,-0.00084088,0
0.0008579,-0.0012055,0
0.0013154,0.00011366,0
0.0027801,-0.00043195,0
0.0013045,-0.00053347,0
0.00079287,-0.001174,0
0.0018782,0.00015368,0
0.00192,-6.50E-05,0
0.0012368,0.00071816,0
0.001735,0.00073098,0
0.0030492,0.0012425,0
0.0014218,0.00047494,0
0.0020057,-0.00011868,0
0.0023877,0.0007083,0
0.0017989,0.00055655,0
0.0021712,6.38E-05,0
0.0016899,0.00065513,0
0.0017913,0.00030576,0
0.0015656,-0.0013358,0
0.0034629,0.00025329,0
0.0012251,-0.0024996,0
0.001917,0.0007411,0
0.001179,0.00029232,0
0.002955,4.33E-05,0
0.0024096,0.00069777,0
0.0031378,0.00028833,0
0.001541,0.00026197,0
0.003181,0.0013692,0
0.0027237,0.0006304,0
0.0020355,0.00057148,0
0.0023258,0.00083628,0
0.0021315,-0.0010597,0
0.0031719,0.00049956,0
0.0027028,3.31E-05,0
0.0029527,7.08E-05,0
0.0022594,0.001075,0
0.00081272,0.00058605,0
0.0016668,0.0002302,0
0.0025475,-0.0013149,0
0.0029958,-0.00034573,0
0.0035499,0.00036829,0
0.0031642,0.00022341,0
0.002334,-0.0011079,0
0.0018818,0.00016974,0
0.0020145,-0.0016705,0
0.0025037,-0.0019201,0
0.0019111,0.0011264,0
0.0018809,0.0010676,0
0.0016105,0.00078919,0
0.00051153,2.20E-05,0
0.0015085,0.00017917,0
0.0018753,0.00047529,0
0.0014939,-0.0020038,0
0.0029887,-0.00017522,0
0.0017099,-0.00024848,0
0.00099211,-0.00064847,0
0.002296,-0.00070599,0
0.002543,0.00021143,0
0.0017429,-0.00047177,0
0.0027977,0.00084103,0
0.0019473,0.0010638,0
0.0014872,-0.00024828,0
0.0033628,0.00080852,0
0.001644,1.95E-05,0
0.0022225,-0.0012503,0
0.0018319,0.00090811,0
0.0021416,0.00067521,0
0.0019495,6.45E-05,0
0.0019168,-0.00064943,0
0.0022347,-0.00061684,0
0.0019654,0.00028523,0
0.0022165,-0.00048514,0
0.0012327,-0.00063454,0
4.70E-05,-0.0021801,0
0.0023317,8.29E-05,0
0.00075598,0.0002268,0
0.0030133,-0.00067268,0
0.0035323,0.00047092,0
0.0031961,-0.00033076,0
0.0025105,0.00016311,0
0.0013952,-0.001171,0
0.0021466,-0.0025226,0
0.0032681,-0.00046112,0
0.0036697,0.0015202,0
0.0012297,-0.00090074,0
0.0023055,5.38E-05,0
0.001984,-0.00084007,0
0.0025862,-0.00063112,0
0.0016587,0.00046538,0
0.00043261,-0.00046322,0
0.0030598,0.0010285,0
0.0019638,-0.0028541,0
0.0025279,6.61E-05,0
0.0029347,-0.00033106,0
0.0030797,-0.00052385,0
0.0024471,0.00046613,0
0.002746,-0.001995,0
0.0023408,-0.0016542,0
0.0011976,9.16E-05,0
0.0031129,0.0004491,0
0.0012362,-0.00072679,0
0.0020157,0.00055421,0
0.0010361,-0.00014757,0
0.0014909,-0.00042779,0
0.0032345,0.00049457,0
0.0040312,0.00076966,0
0.0016525,-0.00019778,0
0.0018636,8.33E-05,0
0.0031146,-0.0016162,0
0.0012367,-0.00060631,0
0.0015956,0.00078619,0
0.0025714,-0.0018957,0
0.0026789,-0.00030424,0
0.0011985,-0.00027769,0
0.0016853,-0.0005025,0
0.0010423,-0.00087781,0
0.0025919,0.0002494,0
0.0019966,0.00043585,0
0.0018666,0.00069876,0
0.0022069,0.00062501,0
0.0027118,-0.00071303,0
0.0017876,0.0010316,0
0.003584,0.00097582,0
0.0016813,0.00051062,0
0.0023652,-0.0017197,0
0.0031608,7.81E-05,0
0.0026046,0.00041516,0
0.0021017,0.00075713,0
0.0024803,-0.00077143,0
0.0021295,0.00044827,0
0.0023538,0.00096779,0
0.0032249,-0.00076907,0
0.0036892,-0.0015301,0
0.0012297,-0.0021011,0
0.0021028,-0.00010457,0
0.0017397,-4.03E-05,0
0.0038416,0.0007015,0
0.0028744,0.00018617,0
0.0021022,-0.0016111,0
0.0018092,-7.62E-05,0
0.0027455,0.0003914,0
0.0016514,8.82E-05,0
0.0032014,-4.07E-05,0
0.002758,0.00058323,0
0.0017602,0.0001894,0
0.0016268,-0.00029533,0
0.0025838,-0.0021907,0
0.0027066,-0.001915,0
0.0024116,9.28E-05,0
0.00249,-0.00082761,0
0.0016194,-0.00013027,0
0.0030982,-0.00045252,0
0.0014854,-0.00097791,0
0.0021373,0.00064319,0
0.0015118,5.41E-05,0
0.0020251,-0.00025175,0
0.0026857,-0.00041498,0
0.001453,7.26E-05,0
0.0029014,-0.00018223,0
0.0020284,0.00031489,0
0.0014123,0.00044634,0
0.0020121,-0.00022584,0
0.0023401,0.00028473,0
0.002832,0.00064108,0
0.0022843,0.00069857,0
0.0020008,0.00090764,0
0.0019876,0.00048988,0
0.0018652,-0.0010315,0
0.0016492,0.00015113,0
0.0022005,-0.00081537,0
0.0004432,-0.0019233,0
0.001535,6.46E-05,0
0.00088656,-0.00078576,0
0.0017044,0.00045913,0
0.0015755,0.00065054,0
0.0022577,0.00039805,0
0.001817,0.0001153,0
0.0019839,0.00050307,0
0.0021429,-0.00084774,0
0.0019644,0.00054479,0
0.0016482,-0.00036515,0
0.0015585,-0.00083782,0
0.0021895,-0.0016798,0
0.002857,0.00032263,0
0.001374,-0.00029313,0
0.00092277,-0.00064386,0
0.0016935,-0.00024373,0
0.0021464,0.0011462,0
0.0023945,-0.0013747,0
0.0033548,-0.00057389,0
0.0016708,0.00037026,0
0.002534,0.00085665,0
0.0015708,-0.00054323,0
0.0035356,0.00014155,0
0.0018308,-0.00068604,0
0.0011104,-0.0013644,0
0.0010013,0.0010261,0
0.0014859,0.00091762,0
0.001409,-0.00042667,0
0.0013114,0.00064608,0
0.00057772,-0.0015895,0
0.0020944,-0.0020427,0
0.0014897,-0.0017225,0
0.0024904,-0.00066416,0
0.0021539,-0.0004204,0
0.0014558,-0.0018655,0
0.0010212,0.0010443,0
0.0033318,-0.00028686,0
0.0018649,-0.0021918,0
0.0023718,-0.0015175,0
0.0017053,0.00048969,0
0.0017595,-0.0012186,0
0.0014157,-0.00018475,0
0.0012298,-0.00056032,0
0.0010865,-0.00087567,0
0.001738,0.00032906,0
0.0018044,-0.00017643,0
0.0016347,-0.00031779,0
0.001796,3.72E-05,0
0.0018304,7.27E-05,0
0.001667,-0.00022331,0
0.0017564,0.0014459,0
0.0016595,0.00055505,0
0.0020069,-0.0011901,0
0.0015367,-0.0022774,0
0.0033009,-0.0014837,0
0.0025984,0.00024578,0
0.001483,-0.001724,0
0.00079942,2.91E-05,0
0.0032724,0.0012852,0
0.0021284,0.00036802,0
0.0025342,-0.001346,0
-0.00049087,4.69E-05,0
0.0015978,-0.0027303,0
0.0017947,-0.0015775,0
0.0027623,-0.00036926,0
0.0035642,4.07E-05,0
0.0017086,0.0001613,0
0.0030077,0.00033075,0
0.0021308,-0.00064003,0
0.0036828,-0.00033837,0
0.0017784,-0.00075897,0
0.001999,0.0014032,0
0.0025941,-0.00012374,0
0.0028757,5.69E-05,0
0.003327,0.00030152,0
0.002586,0.00099837,0
0.0024467,0.0004264,0
0.0031794,5.03E-05,0
0.0020996,-0.00035118,0
0.0027996,0.0007136,0
0.0021794,4.20E-05,0
0.0018361,-0.00097158,0
0.0015864,-0.00047311,0
0.0023559,6.12E-05,0
0.0017804,-0.00050035,0
0.0029931,-0.0017185,0
0.0038368,-0.00038402,0
0.0027776,-0.00034907,0
0.001567,-0.00058029,0
0.0031208,0.00040471,0
0.0013426,0.00071129,0
0.0020238,0.00062423,0
0.0026638,-0.00075548,0
0.0011323,-0.0015036,0
0.0024455,-0.0001347,0
0.0013561,-0.00017995,0
0.0017671,0.00012471,0
0.0034688,-0.00047224,0
0.0026507,-0.001486,0
0.0024912,-0.00051392,0
0.0020326,7.17E-05,0
0.0025421,0.0013396,0
0.001698,0.0001531,0
0.002611,-0.0016396,0
0.0034089,-0.0012549,0
0.0032075,-0.00036654,0
0.0010903,-0.00055727,0
0.0019333,-0.0010524,0
0.0018216,-0.00019745,0
0.0024342,0.00058437,0
0.0035818,-0.00035511,0
0.00096026,-0.00038944,0
0.0027923,0.0003787,0
0.0019119,-0.00024634,0
0.0025483,-9.90E-05,0
0.0019577,-0.00024108,0
0.0023436,-0.00099765,0
0.001254,0.00087257,0
-0.00037975,-0.00098791,0
0.0016832,0.0003894,0
0.0013958,-0.0003731,0
0.0021302,0.00070482,0
0.0023447,-0.00071917,0
0.0015724,-0.00098947,0
0.0015975,0.00012723,0
0.0013546,-0.0002344,0
0.0021836,0.00074264,0
0.0015739,-0.00043578,0
0.0019663,0.0004852,0
0.0035866,-0.00059676,0
0.0027009,-0.00038175,0
0.0016395,-0.00021475,0
0.0015086,-0.0018806,0
0.0016411,-0.0016949,0
0.0008702,0.00023155,0
0.0025483,-0.00051911,0
0.0021149,-0.00014073,0
0.001453,-0.001121,0
0.002738,-0.00063272,0
0.0017321,-0.001547,0
0.0041252,0.00015084,0
0.0029465,-0.00024053,0
0.0013873,0.00038668,0
0.0025168,0.00096173,0
0.0020921,-0.00077719,0
0.0027831,0.00043697,0
0.0017402,0.00011299,0
0.0029089,-0.00025056,0
0.0023129,0.00038493,0
0.0018243,-0.00036841,0
0.0036721,-0.00049916,0
0.0028594,0.0005454,0
0.0019016,-0.00095069,0
0.0014772,-0.0019625,0
0.0023522,-0.00044428,0
0.0015212,-0.00033911,0
0.0017208,0.00019102,0
0.0011054,0.00024691,0
0.0029201,0.00029044,0
0.0009774,-0.00062411,0
0.0018388,-0.00115,0
0.0017998,-0.00063922,0
0.0025737,-0.002138,0
0.0020893,-0.00081426,0
0.0017545,7.59E-05,0
0.0028137,-0.0002609,0
0.0028878,0.00049496,0
0.0017201,0.0007272,0
0.0011464,6.76E-05,0
0.0018748,-0.00035706,0
0.0013443,-0.0010938,0
0.0014807,-0.00068328,0
0.0025876,-0.00057001,0
0.0015306,-0.00023976,0
0.0028982,0.00086287,0
0.0023315,-5.52E-05,0
0.0023163,-0.0005251,0
0.0020234,0.00013811,0
0.0025981,-0.00090934,0
0.0021591,-0.00050054,0
0.0019198,-0.00010219,0
0.0024939,-0.00013089,0
0.001434,-0.00076004,0
0.0032762,0.0001305,0
0.0033043,0.00091511,0
0.0014473,4.34E-05,0
0.0033535,-0.00030941,0
0.0026946,-0.0010701,0
0.0024551,0.00085846,0
0.0023062,-0.00042175,0
0.0033938,0.00090763,0
0.002964,-1.80E-05,0
0.0026393,0.00064067,0
0.0015435,-0.00087543,0
0.0016173,0.00040484,0
0.0016058,-0.0010594,0
0.002429,0.00044155,0
0.0025027,0.00086113,0
0.0021445,-0.00099741,0
0.0032876,0.00066136,0
0.0026038,-0.00034536,0
0.0011751,-0.0017078,0
0.0021221,-0.00059945,0
0.0011944,-0.0003926,0
0.00059968,0.00063035,0
0.0026987,-0.00050664,0
0.0024227,0.00042219,0
0.0022626,0.00035142,0
0.0022984,0.00054796,0
0.0029589,-0.0017921,0
0.0026035,-0.00050707,0
0.002425,-0.00022785,0
0.0016998,0.00018395,0
0.0015558,0.0001691,0
0.002102,-0.0015697,0
0.0019041,0.00063248,0
0.0012833,-4.36E-06,0
0.0023564,9.58E-05,0
0.0012088,0.0012444,0
0.0021863,-0.0017486,0
0.0015978,-0.0015735,0
0.0013773,7.43E-05,0
0.00077036,-0.00054932,0
0.0016664,6.59E-06,0
0.00098953,-0.0014581,0
0.0021085,0.00058408,0
0.00183,0.00011572,0
0.00078225,-0.00017856,0
0.0014525,0.00011362,0
0.0022414,-0.00060293,0
0.0020827,-0.0012045,0
0.0022943,-0.0023049,0
0.0022089,-0.00043818,0
0.0030631,0.00033645,0
0.0017812,0.00076622,0
0.0014688,0.00060447,0
0.001443,8.96E-05,0
0.0018044,8.45E-05,0
0.0014645,-3.11E-05,0
0.0017107,-0.00056551,0
0.001619,-0.0009867,0
0.0027656,0.00051055,0
0.0024444,0.0013768,0
0.0019563,0.00080533,0
0.0021266,0.00041483,0
0.0025087,-0.00032482,0
0.002485,0.00047893,0
0.0019898,-0.0015616,0
0.0025458,-0.00023448,0
0.0038502,0.00014135,0
0.0029865,-0.00065689,0
0.0018964,0.00028466,0
0.0032718,-0.0004264,0
0.0039855,-0.00055477,0
0.0024843,-2.69E-05,0
0.0036992,-0.00076088,0
0.0032905,0.00016493,0
0.0036108,-1.33E-05,0
0.0030761,7.73E-05,0
0.0025379,-0.0013417,0
0.002812,-0.0007928,0
0.0023269,-0.0015999,0
0.0014526,0.00075578,0
0.0021984,0.00017226,0
0.0012314,-0.00027853,0
0.0040321,-0.0011085,0
0.0015596,-0.0011317,0
0.0014291,-0.00021039,0
0.0025675,-0.00078926,0
0.0016012,-0.0024132,0
0.0015954,-0.00042855,0
-0.000335,-0.0013525,0
0.0014838,-7.79E-05,0
0.00086426,-0.00051593,0
0.0012533,-0.00016264,0
0.0028885,0.00023806,0
0.0016718,0.00079472,0
0.0015109,-0.00083677,0
0.0014147,-0.0017848,0
0.0019272,-0.0013458,0
0.0012334,-0.0013814,0
0.002706,0.00055395,0
0.0025952,0.00093428,0
0.0038872,0.00025598,0
0.0027221,-0.00023572,0
0.0015525,-0.00084364,0
0.0019279,0.0011178,0
0.0030068,-0.0008284,0
0.0027516,-0.00056707,0
0.00079648,-0.00092371,0
0.0024213,-0.0018367,0
0.0021158,-0.00029092,0
0.00080878,0.00089624,0
0.002149,0.00051454,0
0.0015348,-0.00098289,0
0.0010098,-0.00096152,0
0.0017627,0.00079294,0
0.0028743,0.00023569,0
0.0021784,-0.00056145,0
0.0032245,-0.0006814,0
0.0024082,-0.00010473,0
0.0020366,0.00065605,0
0.0016514,-0.00040214,0
0.0016804,-0.00015852,0
0.0013979,-0.00071782,0
0.0017382,0.00042573,0
0.0026743,7.20E-05,0
0.0013606,-0.0013645,0
0.0034664,0.00018164,0
0.0018541,-8.16E-05,0
0.0021251,-0.00012286,0
0.0020549,-7.41E-05,0
0.0012298,-0.00069708,0
0.0014883,-0.00032493,0
0.0017141,0.00016827,0
0.00094769,-0.00052847,0
0.00055731,-0.0012508,0
0.0013397,-0.00044904,0
0.0025807,0.00069306,0
0.0020863,0.00011457,0
0.00096155,-0.00061899,0
0.0018128,-0.00010837,0
0.0023705,0.00067965,0
0.0021597,0.0015047,0
0.0014532,-0.0019917,0
0.00088176,-0.00043076,0
0.0022321,-0.00042316,0
0.0031083,-0.00058657,0
0.0016234,-0.0016244,0
0.0022914,-0.00059898,0
0.0025427,-0.0015418,0
0.0024408,-0.00019942,0
0.0013577,-0.00070312,0
0.0017559,-0.0012137,0
0.003145,-0.001104,0
0.0020147,4.50E-05,0
0.0016607,-0.00064199,0
0.0023654,0.00015014,0
0.0021083,0.0010522,0
0.0035215,2.33E-06,0
0.0025174,-0.00013597,0
0.0021175,-0.001315,0
0.0024717,9.44E-05,0
0.0017165,-0.00062087,0
0.0027338,0.00020221,0
0.0032452,-0.00075692,0
0.0025384,-0.0011895,0
0.0023961,-0.0014601,0
0.0018929,-0.000934,0
0.0037008,-0.00074388,0
0.0024583,-2.81E-05,0
0.0025593,-5.65E-05,0
0.0023772,-1.99E-05,0
0.0027934,0.00036209,0
0.0025969,-0.0011412,0
0.001652,0.00076949,0
0.0023688,0.00026978,0
0.0014902,-0.00032021,0
0.0018447,-0.00015178,0
0.00082688,9.36E-05,0
0.0037366,-0.00015125,0
0.0023029,-0.00034621,0
0.002416,-0.0020807,0
0.0030088,0.00059314,0
0.0024801,0.0012042,0
0.0018468,0.00042082,0
0.002699,0.00079863,0
0.002223,-0.0007163,0
0.003269,-0.000444,0
0.0028078,-0.00078592,0
0.0021574,0.00074831,0
0.0023472,-0.0015685,0
0.0023994,-0.00015589,0
0.0025439,-0.00062201,0
0.0017988,3.65E-05,0
0.0025464,0.00021108,0
0.0040497,7.80E-05,0
0.0018396,0.00032955,0
0.0040061,-0.00042908,0
0.0019741,0.00018611,0
0.0023758,-0.00037073,0
0.0015261,-0.00035605,0
0.0029684,6.54E-05,0
0.0014755,-0.0003451,0
0.0020665,0.00081286,0
0.0017684,0.0013516,0
0.0014108,-0.0016436,0
0.0023871,-0.001059,0
0.0024187,0.00029457,0
0.0019975,-0.00107,0
0.0015187,-0.0013618,0
0.0012574,-0.0012894,0
0.0021433,0.0011781,0
0.001723,-0.0015133,0
0.0022883,-0.00092,0
0.0013024,-0.00087688,0
0.0019138,0.00059858,0
0.0011387,-0.00019015,0
0.0034608,0.00086281,0
0.0020072,-0.00078254,0
0.0024661,0.00053035,0
0.002814,0.00058933,0
0.0024568,-0.0013958,0
0.0010391,-0.0002943,0
0.0033212,-0.0013098,0
0.0029765,6.87E-05,0
0.0025552,-0.00018106,0
0.0016786,0.0011417,0
0.0024119,-0.00087311,0
0.0024412,0.00043871,0
0.0014913,0.00076845,0
0.0034605,-0.00034565,0
0.0021099,0.0005304,0
0.0018797,-0.00027059,0
0.001355,-0.00048332,0
0.0019275,-8.45E-05,0
0.0015043,-0.0015119,0
0.0027035,-0.00013771,0
0.0031933,-0.00062708,0
0.0016429,0.0004545,0
0.0018943,-0.00087795,0
0.0027349,0.00046354,0
0.0028369,0.00098086,0
0.0020738,-4.59E-05,0
0.0025203,-0.00011724,0
0.0031947,-0.00033204,0
0.0011836,-0.0006083,0
0.0017219,-1.37E-05,0
0.00094104,0.00087121,0
0.00054323,0.00038007,0
0.00048545,0.00011584,0
0.0014126,-0.0017548,0
0.0025295,-5.22E-05,0
0.0024825,0.00012576,0
0.003461,7.69E-05,0
0.0031405,0.0010826,0
0.00217,0.00059133,0
0.0019206,7.02E-05,0
0.0021451,-0.00093302,0
0.001959,-0.00035058,0
0.0013316,-0.00096955,0
0.001824,-0.0003943,0
0.002204,-0.0013745,0
0.0026881,-0.00093437,0
0.00010868,-0.00048669,0
0.0021,-0.0012232,0
0.0017138,-0.00087061,0
0.0014834,-0.00047245,0
0.0018957,0.00038976,0
0.00059943,-0.00062622,0
0.0012662,0.00015587,0
0.0023267,-0.00096963,0
0.0011283,-0.0010034,0
0.0024302,-0.0013613,0
0.0016729,-0.001811,0
0.0016335,-0.0010952,0
0.0025769,-0.0014221,0
0.0015026,-0.0012276,0
0.00046896,-0.0016792,0
0.00078978,-0.00024318,0
0.0018342,-0.0012763,0
0.0012782,-0.00053273,0
0.0026933,-0.0010222,0
0.0010437,8.83E-05,0
0.0023619,-0.0012514,0
0.0023,-0.0011098,0
0.0016643,-0.00073363,0
0.0010859,-0.00073111,0
0.0017137,-0.0018644,0
0.0010214,0.0007456,0
0.00036245,-0.0015854,0
0.0021134,-0.00083375,0
0.0024487,-0.00076737,0
0.0013686,-0.00034593,0
0.0010962,-0.00036485,0
0.0015198,-0.0005512,0
0.0022999,-0.00090847,0
0.001577,-0.0014789,0
0.0015955,-0.0003412,0
0.0023784,-0.00096769,0
0.00098268,0.00029476,0
0.0022684,-0.00097013,0
0.0015867,0.00015967,0
0.0017539,-0.00027268,0
0.00072517,-0.00083538,0
0.0019987,-0.00039605,0
0.0020253,-0.0006834,0
0.0013977,-0.0012511,0
0.0005986,-0.0012475,0
0.0021941,-0.0011175,0
0.0011469,0.00022684,0
0.00084098,-0.00064275,0
0.0018024,-0.00075595,0
0.0016498,-0.00088204,0
0.002873,-0.00019523,0
0.0019865,-0.0013864,0
0.0020869,-0.00045225,0
0.001244,-0.00037881,0
0.0010387,0.00016536,0
0.0023414,-0.0018867,0
0.0021449,-0.001908,0
0.0014778,-0.0006719,0
0.0014663,-0.001326,0
0.00075085,-0.00015303,0
0.0024994,-0.0008626,0
0.0016415,-0.00027247,0
0.0017115,-0.0007277,0
0.0022604,-0.0016473,0
0.0014221,-0.00048861,0
0.00093648,8.35E-05,0
0.0012111,-0.00097118,0
0.0018486,-0.00099093,0
0.0018927,-0.00048861,0
0.0015206,-0.00016293,0
0.0026753,-0.0008406,0
0.0014184,0.00064476,0
0.001797,0.00033314,0
0.00084132,-0.0003675,0
0.0024178,-0.00075076,0
0.0010201,0.00055411,0
0.0025454,-0.0014366,0
0.001721,-0.001697,0
0.0021082,-0.0012145,0
0.0021745,-0.0017585,0
0.001478,-0.0017039,0
0.0024387,-0.00073082,0
0.0021638,-0.00075301,0
0.0022464,3.32E-05,0
0.0022519,-0.00059255,0
0.0021932,-0.0016646,0
0.0014682,-0.00034067,0
0.0022091,-0.0010983,0
0.0022126,-0.00063803,0
0.0006377,-0.0014387,0
0.0011943,-0.00048165,0
0.0023271,-0.001031,0
0.00081158,-0.00094045,0
0.0018195,-0.0018593,0
0.0022451,0.00017308,0
0.0012895,-0.00034835,0
0.0011592,-0.00061492,0
0.0018972,-0.0010165,0
0.0012076,-0.0015962,0
0.0018711,-0.0011894,0
0.0012312,0.00020508,0
0.002345,-0.00074296,0
0.0023923,-0.00096231,0
0.0023874,-0.001361,0
0.0025311,4.42E-06,0
0.0016091,-0.001477,0
0.00092761,-0.00023639,0
0.0017585,-0.00020386,0
0.0021329,-0.00041301,0
0.0019164,-0.0014509,0
0.0018989,-0.0011899,0
0.0025205,-0.0010483,0
0.0018163,0.00050418,0
0.0018348,-0.00041652,0
0.0016323,-0.00041147,0
0.0014392,-0.00052965,0
0.0013392,-0.0015381,0
0.0023167,-0.00072175,0
0.0014128,-0.00041004,0
0.0018092,0.00033363,0
0.0010458,0.00020361,0
0.00067706,-0.00039443,0
0.0022378,-0.00077511,0
0.0021577,0.00044403,0
0.00076764,-0.0011039,0
-0.00022268,0.00042234,0
0.00042649,-0.0010409,0
0.0013174,-0.00061406,0
0.0027489,-0.00095922,0
0.0018437,-0.00097126,0
0.0015345,-0.00072355,0
0.002702,-0.00086177,0
0.0017243,-0.00054887,0
0.0024268,-0.00071854,0
0.0024843,-0.0010153,0
0.0023967,-0.0008589,0
0.0021123,-0.00032145,0
0.0012186,-0.00087431,0
0.0012311,-0.00052851,0
0.0012763,5.76E-05,0
0.0018504,-0.00060123,0
-0.00028626,0.00043466,0
0.0028491,-0.00063036,0
0.0027336,-0.0012033,0
0.0028095,-0.0013475,0
0.0014758,0.00074696,0
0.0012317,-0.00036243,0
0.0018393,-0.0012121,0
0.0013761,-0.00034126,0
0.0031623,-0.00015638,0
0.00099917,-0.00046525,0
0.0011683,-0.0007265,0
0.0020199,-0.0012288,0
0.0012987,0.00060586,0
0.0019414,-0.00072264,0
0.0024652,0.00029322,0
0.0024948,-0.00094865,0
0.0024139,-0.00087754,0
0.0012246,0.00013846,0
0.0024459,-0.0015347,0
0.0015442,-0.00038214,0
0.0025411,-0.001404,0
0.002411,-0.00029481,0
0.0017388,-0.00013797,0
0.0010092,0.00036948,0
0.0019471,-0.00083713,0
0.0020973,-0.0010778,0
0.0010161,0.00048256,0
0.0015614,-0.0010343,0
0.00083477,0.0001763,0
0.002818,-0.00049999,0
0.0023304,-0.00041095,0
0.002258,-0.00063484,0
0.0021673,0.00028968,0
0.0026011,-0.001414,0
0.0013561,-0.00050846,0
0.0023985,-0.00062967,0
0.0021756,-0.00015173,0
0.0017231,-0.00051791,0
0.0010581,-0.00018332,0
0.0016005,-0.00058266,0
0.00153,-0.0012985,0
0.0023391,-0.00081222,0
0.0023012,-0.00087514,0
0.0023202,-0.00032712,0
0.0016083,-0.0013327,0
0.0012166,-0.00038563,0
0.0020553,-0.0020677,0
0.001483,-0.0013168,0
0.0027966,-0.0013476,0
0.0028439,-0.00074475,0
0.002621,-0.00032616,0
0.0016678,-0.00049898,0
0.0023878,-0.00070574,0
0.0023134,-0.00088846,0
0.0017004,-0.0005769,0
0.002166,-0.00034779,0
0.0021925,-0.00089092,0
0.00098239,-0.00091979,0
0.0028955,-0.0011261,0
0.0025816,-0.0011523,0
0.0021014,-9.23E-05,0
0.0020424,-0.00040582,0
0.0028342,-0.0010942,0
0.0017193,-0.00092042,0
0.0017225,-0.00095647,0
0.002621,-0.00099586,0
0.0011973,-0.00019054,0
0.0010588,2.75E-05,0
0.003127,-6.65E-05,0
0.0018247,0.00016515,0
0.00092155,-0.0013739,0
0.0026966,-0.00092332,0
0.0024293,-0.00068813,0
0.0023352,-0.00037809,0
0.0019322,6.60E-05,0
0.0011763,-0.00060561,0
0.0011035,-0.0016609,0
0.0023294,-0.0005716,0
0.0021183,-0.00089134,0
0.0014099,0.00060728,0
0.0010943,0.00042795,0
0.00087934,-0.00013988,0
0.001792,-0.0019,0
0.0027792,-0.0010425,0
-0.00022765,-0.00052402,0
0.0025599,-0.00092234,0
0.00015281,-0.0011532,0
0.0023716,-0.0022397,0
0.0022041,-0.00011685,0
0.0019749,-0.0010578,0
0.0025984,-0.0011635,0
0.0024611,-0.00067095,0
0.001046,-0.00033625,0
0.0024873,-0.0011822,0
0.0012591,-0.0016526,0
0.002749,-0.0010536,0
0.0024063,-0.0014192,0
0.00066999,0.00021195,0
0.0017005,-0.0012596,0
0.001888,-0.0012026,0
0.002426,-0.0013286,0
0.0010492,0.00049179,0
0.0024469,-0.0013476,0
0.0019162,-0.00091438,0
0.0017662,-0.00092778,0
0.0020118,-0.00044597,0
0.0012366,-0.00015049,0
0.00051919,-0.0019236,0
0.0017399,-1.85E-05,0
0.0018198,-0.00075732,0
0.001161,0.0010516,0
0.0021924,0.0006875,0
0.0020315,-6.91E-05,0
0.00060621,0.00056838,0
0.0023811,-0.0013901,0
0.00021353,-0.0014383,0
0.0030824,-0.00042658,0
0.0011723,-0.0013221,0
0.0015033,-0.00038524,0
0.0020354,-0.0012717,0
0.0028653,-0.001341,0
0.0012341,0.0001212,0
0.0025223,-0.00056276,0
0.0012041,-0.00094438,0
0.00097719,0.00032534,0
0.0012465,0.00019796,0
0.0012913,0.001078,0
0.0014227,1.19E-05,0
0.00074612,-0.00075906,0
0.0014523,-0.0006625,0
0.0020906,-0.00017737,0
0.0023439,-0.0010855,0
0.0012668,-0.00021,0
0.0013048,0.00046173,0
0.0015391,-0.00072263,0
0.0021001,-0.00031476,0
0.0022516,-0.00016688,0
0.0021491,0.00038398,0
0.0023518,-0.00073637,0
0.0029986,-0.00067221,0
0.0016814,-0.00063368,0
0.0017362,-0.0010659,0
0.0024773,-0.00053934,0
0.0022065,-0.0012627,0
0.0015815,-0.00058345,0
0.00096376,-0.001324,0
0.0023489,-0.0012543,0
0.0014695,-0.00070129,0
0.0023274,-0.00073548,0
0.0014233,-0.0003407,0
0.0024343,-0.0012261,0
0.0018558,-0.00048657,0
0.0027468,-0.00094668,0
0.0019277,0.00032235,0
0.0015827,-0.00012142,0
0.00085726,-0.00021291,0
0.0024101,-0.00095527,0
0.0021518,-0.00081225,0
0.0028644,-0.0014219,0
0.002665,-0.0007402,0
0.0023953,7.55E-05,0
0.0012867,-0.00040555,0
0.0022827,-0.00051548,0
0.0017521,-0.00033562,0
0.0015638,3.86E-05,0
0.0023055,-0.00075155,0
0.0026027,-0.00067424,0
0.0021736,4.66E-05,0
0.0028664,-0.00040063,0
0.0019194,-0.000808,0
0.0021339,-0.00053554,0
0.0017683,0.00020072,0
0.002523,-0.00113,0
0.0020241,1.51E-05,0
0.0022571,-0.00061473,0
0.0028194,-0.00082255,0
0.0017592,0.00066194,0
0.0025456,6.20E-05,0
0.001886,-0.00035596,0
0.0023637,-0.00078133,0
0.0027618,0.00015341,0
0.0024795,-0.00078053,0
0.0026139,0.00027602,0
0.0024337,-0.00069074,0
0.0026101,-0.0001464,0
0.0021452,0.0001187,0
0.0028605,-0.0011946,0
0.0020284,-0.001437,0
0.0022724,-0.0013926,0
0.002354,0.0001697,0
0.0022202,4.55E-05,0
0.0018762,0.00020006,0
0.0023954,0.0003432,0
0.0012202,-0.00064703,0
0.0015789,-0.00041895,0
0.00060923,0.00015966,0
0.0015559,-0.00023514,0
0.0028833,-0.00035829,0
0.0018032,-0.00015974,0
0.0021429,5.94E-05,0
0.0026387,-0.0010049,0
0.0026615,-0.0011677,0
0.0011596,-0.00019955,0
0.0019891,-0.0011332,0
0.002602,-0.0012849,0
0.0020343,-0.00034045,0
0.0016577,-0.00044123,0
0.0022775,-0.0007726,0
0.0013731,-0.00027383,0
0.002149,-0.0015278,0
0.0009229,-0.00050259,0
0.0024426,-0.0011601,0
0.0018262,-0.00045904,0
0.002733,-0.00027974,0
0.0019563,-6.88E-05,0
0.00098862,-0.00042775,0
0.00090479,-0.00090062,0
0.0017096,-0.001101,0
0.0015034,-0.0020601,0
0.0015214,-0.00049172,0
0.0015683,-0.0011087,0
0.0022891,-0.00078643,0
0.0017171,-0.0006521,0
0.0028102,-0.00073835,0
0.0019275,-0.00080241,0
0.0020441,-0.00066534,0
0.0016916,-8.81E-05,0
0.0022265,-0.0005286,0
0.0022963,-0.00073974,0
0.00202,-0.0010014,0
0.0019133,-0.0012124,0
0.00098473,-0.00076022,0
0.0013453,-0.0005507,0
0.001453,-0.00060773,0
0.00055402,-0.00064379,0
0.0011487,0.0004888,0
0.0026297,-0.00084941,0
0.0024881,-0.00084845,0
0.0022047,-0.00099784,0
0.0017877,0.00039431,0
0.0014748,-0.00074627,0
0.0025021,-0.00028514,0
0.0017518,-0.00044853,0
0.00016335,-0.0012617,0
0.0006975,0.00010213,0
0.0013157,2.77E-05,0
0.0023001,-0.00045755,0
-0.00089408,-0.0014483,0
0.0025972,-0.0012715,0
0.0025081,-0.00013569,0
0.0005,-2.42E-06,0
0.00095285,-0.00084753,0
0.0026574,-0.00016822,0
0.0018835,-0.0003665,0
0.0013695,-0.00088007,0
0.001903,-0.0017165,0
0.0020144,-0.00069786,0
0.0013227,-0.0001939,0
0.0029457,-0.00083037,0
0.0028567,-0.0009446,0
0.0023177,-0.00036728,0
0.0021994,2.77E-06,0
0.001695,-0.00095265,0
0.0026061,-0.00071251,0
0.001045,0.00029054,0
0.0010732,-0.0016277,0
0.0016504,-0.0019042,0
0.0012761,-0.0011594,0
0.0012297,0.00029803,0
0.0021881,-0.00049674,0
0.00016174,0.0012112,0
0.0014408,-0.00044822,0
0.0014116,-0.00017786,0
0.0014746,-0.00037013,0
0.0023496,-0.0016993,0
0.0023216,-0.0011027,0
0.0024047,-0.0010582,0
0.001675,-0.0012037,0
0.0013299,-0.0013173,0
0.0014937,-0.00012435,0
0.0028085,-0.00072773,0
0.002488,-0.00055195,0
0.0025805,-0.00091333,0
0.0019714,6.65E-05,0
0.001105,9.93E-05,0
0.0026036,-0.00053786,0
0.0028517,-0.00061298,0
0.0025692,-0.0007742,0
0.002799,-0.0011715,0
0.0026034,-0.00089409,0
0.00095956,-0.0011726,0
0.0018378,-0.00026621,0
0.0022753,-0.0017205,0
0.0016383,-0.00079281,0
0.0028475,-0.00042668,0
0.0026547,-0.001452,0
0.0021879,0.00063076,0
0.0022263,-0.00016439,0
0.00071708,-0.00096768,0
0.0017824,-0.00018901,0
0.0013038,-1.39E-05,0
0.0016949,-0.00075765,0
0.0016676,-0.0010608,0
0.0016115,-0.00060614,0
0.002076,-0.00012637,0
0.0017192,-0.00053099,0
0.0018681,-0.00091103,0
0.0017715,-0.00066828,0
0.002319,-0.00045767,0
0.0022686,0.00019223,0
0.00038585,-0.00014901,0
0.0028142,-0.00094838,0
0.0013526,-0.0013146,0
0.0021322,-0.00043589,0
0.00084014,7.18E-05,0
0.002412,0.00049834,0
0.0015481,0.00013397,0
0.0011695,-0.00060399,0
0.0025634,-0.0015294,0
0.0024806,-0.00071503,0
0.0017897,-0.00015946,0
0.0020776,6.57E-05,0
0.0019402,-0.00062519,0
0.0015319,0.0010651,0
0.0024073,-0.00098541,0
0.0023008,0.00031559,0
0.00057253,-0.00018065,0
0.0018253,0.0002261,0
0.0013466,-0.00026037,0
0.0020337,-0.00087731,0
0.0012568,-0.0013859,0
0.0016664,-0.00086746,0
0.00033629,-0.00080577,0
0.0016464,-0.0015356,0
0.0025607,-0.00024702,0
0.001987,-0.00082284,0
0.0022039,-0.0015776,0
0.0014045,-0.00078811,0
0.0018333,-0.00085301,0
0.00068479,-0.00099313,0
0.002374,-0.00059121,0
0.0019588,-0.00018912,0
0.0018178,-0.00025347,0
0.0017973,-0.00040475,0
0.0022252,-0.00054156,0
0.0019001,-0.0010076,0
0.002293,-0.0012038,0
0.0011661,4.35E-05,0
0.0023291,-6.61E-05,0
0.0018646,-0.0019401,0
0.0021742,-0.001569,0
0.00053179,-0.00048226,0
0.0017982,-0.00045174,0
0.0027258,-0.0018306,0
0.0024996,-0.00043835,0
0.0018926,-0.00012785,0
0.0023636,-0.00058491,0
0.0015336,0.00052923,0
0.0021974,0.00020671,0
0.0028592,-0.0011683,0
0.0019086,-0.00078802,0
0.0019915,-0.00071349,0
0.0021349,-0.00056988,0
0.0023963,-0.00092119,0
0.0019133,-0.00075184,0
0.0019728,-0.00077119,0
0.0023586,-0.00044241,0
0.0024783,-0.0003966,0
0.0020119,-0.00054457,0
0.0019337,-0.0022208,0
0.0024145,-0.00099754,0
0.0019869,-0.002463,0
0.0014231,0.00015229,0
0.0012665,-0.00061677,0
0.0011498,-0.00065651,0
0.0027617,-0.00070546,0
0.0022857,-0.0015305,0
0.0023293,-0.00043407,0
0.0028029,-0.00046173,0
0.0011813,0.0007101,0
0.0025164,-0.0016973,0
0.0025422,-0.0015963,0
0.001297,-0.00049926,0
0.0013122,-0.00094309,0
0.0016477,-0.00045003,0
0.0017523,-0.0011242,0
0.0026985,-0.0015088,0
0.0015084,-0.0012588,0
0.0018594,-0.00017258,0
0.0023442,-0.0010342,0
0.0029969,-3.01E-05,0
0.00063583,-0.00036735,0
0.0012987,-0.001385,0
0.0026516,-0.00040621,0
0.0018713,-0.0010307,0
0.0010251,0.00077342,0
0.0013106,-0.00026123,0
0.0019689,0.00061062,0
0.0018672,0.00069684,0
0.0023318,-0.00096671,0
0.002458,-0.0014279,0
0.0021215,-0.0017746,0
0.0018558,-0.0013123,0
0.0018981,0.0004861,0
0.0019549,-0.0018778,0
0.0024125,-0.00081373,0
0.0020101,-0.0010474,0
0.0012626,-0.00027654,0
0.0021443,-0.00091424,0
0.00061596,-0.00055587,0
0.002602,-6.09E-05,0
0.0016865,-0.00092101,0
0.0028856,-0.0010375,0
0.0025249,-0.0017172,0
0.0023542,-0.00084525,0
0.0023203,-0.0010904,0
0.0021161,0.00050943,0
0.0020732,-0.00081876,0
0.0020356,-0.001135,0
0.0022384,-9.64E-05,0
0.0031591,-0.00095907,0
0.0023892,-0.00016676,0
0.0027907,-0.0016247,0
0.0013717,-0.0007432,0
0.0023144,-0.00084664,0
0.0012603,-0.00051919,0
0.0021993,-0.00090646,0
0.002809,-0.001655,0
0.0019463,-0.00086391,0
0.0011971,0.00014393,0
0.0022406,-0.00050634,0
0.0023998,0.00018895,0
0.0023384,-0.0005242,0
0.0001361,-0.0006867,0
0.00095114,0.00038211,0
0.00063014,1.16E-05,0
0.0028944,-0.00066223,0
0.0022539,-0.0002641,0
0.0030199,0.00018043,0
0.0021052,-0.0013234,0
0.0011341,-0.00076515,0
0.0019292,-0.0005322,0
0.0026073,-0.00073464,0
0.0022314,-0.0013679,0
0.0025792,-0.0014114,0
0.0022432,-0.0014995,0
0.0020229,-0.0014929,0
0.0010977,-0.00022768,0
0.0021753,-0.00085377,0
0.0024289,-0.0014119,0
0.0024641,-0.0012839,0
0.0021947,-0.0015933,0
0.0010642,-0.001756,0
0.0020529,0.00010995,0
0.0017014,-0.0014405,0
0.0025526,-0.00052115,0
0.0010562,0.00037113,0
0.0019735,-0.00052809,0
0.0016066,-0.00049256,0
0.0021713,-0.00034308,0
0.002522,-0.00017818,0
0.0015625,-0.0015298,0
0.0022822,-0.00096212,0
0.001463,-0.0011553,0
0.00068224,-0.0007226,0
0.0025592,-0.0016576,0
0.0023051,-0.0015338,0
0.0018877,-0.00086638,0
0.0023184,-6.70E-06,0
0.0012957,-0.0015606,0
0.0020035,-0.00016396,0
0.00099151,-0.0014428,0
0.0025143,-0.0014268,0
0.0010444,-0.00028277,0
0.0018957,-0.001194,0
0.0020969,-0.001309,0
0.0023694,-0.00027014,0
0.0022568,-0.00047436,0
0.0018356,-9.96E-05,0
0.00086145,1.61E-05,0
0.002379,-0.00076533,0
0.0021897,-0.0017909,0
0.0010449,-0.00062356,0
0.0027545,5.62E-05,0
0.0027942,-0.00089678,0
0.0002723,-0.00035772,0
0.0017624,2.55E-05,0
0.0023605,-0.00088382,0
0.0013114,-0.00065719,0
0.0018287,-0.00053649,0
0.00037285,-0.0016381,0
0.0023457,-0.00097423,0
0.0018993,0.00019991,0
0.0024291,-0.0011098,0
0.0017477,-0.00024291,0
0.0018356,-0.00040308,0
0.0025497,-0.0012033,0
0.0019037,-0.00066706,0
0.0013558,0.00012963,0
0.0012722,0.00080825,0
0.0010959,-0.0010226,0
0.0021941,-0.00081962,0
0.0023654,-0.00062808,0
0.0022292,-0.0012564,0
0.0016098,-0.0015471,0
0.003402,-0.0010954,0
0.002341,-4.63E-05,0
0.0021483,-0.0010611,0
0.0032415,-0.00070025,0
0.0033467,-0.00044236,0
0.0030147,-0.00044484,0
0.0027943,-0.0007216,0
0.0025897,-0.00075489,0
0.0018488,0.00027237,0
0.0033451,-0.00049425,0
0.0034319,-0.00083556,0
0.0026812,0.00075517,0
0.0028386,-0.00032401,0
0.0026312,-0.00091132,0
0.0021657,-1.11E-05,0
0.0023461,-0.0011869,0
0.001636,0.00066173,0
0.0017794,0.00045328,0
0.0026224,-0.0010671,0
0.0016871,0.0010323,0
0.0020601,0.0010133,0
0.0031366,-0.0011575,0
0.0026446,-0.00043036,0
0.0025638,-0.001306,0
0.0031891,-0.001036,0
0.002971,-0.00052243,0
0.0030723,-0.00059747,0
0.0030489,-0.000606,0
0.0028933,-0.0012283,0
0.0027067,-0.0012255,0
0.0033064,-0.00024641,0
0.0019906,-0.00030563,0
0.002396,-0.00077199,0
0.0033846,-0.00076755,0
0.0024441,-0.00037943,0
0.0022199,-0.0002056,0
0.0013362,0.00097539,0
0.0028822,9.02E-05,0
0.0026567,-0.00044518,0
0.0024736,-0.00039592,0
0.0025323,-0.00027012,0
0.0033143,-0.00089266,0
0.0025383,-0.0012017,0
0.0027365,-0.00020015,0
0.0021718,7.80E-05,0
0.001678,-0.00022541,0
0.0020458,-0.00010618,0
0.0023833,-0.0010497,0
0.0014472,0.00091382,0
0.0033539,-0.00048646,0
0.0024589,-0.0014271,0
0.0016635,0.00077675,0
0.00064879,-0.00040868,0
0.00291,-0.00061212,0
0.0030043,-0.00074417,0
0.0023495,-0.00043937,0
0.0028081,-0.00081126,0
0.0028867,-0.00041706,0
0.0020799,0.00011204,0
0.0029234,-0.00067222,0
0.0021474,-0.0012042,0
0.0023191,-0.0012511,0
0.003433,-0.0011627,0
0.0028419,-0.0010352,0
0.0028949,-0.00077379,0
0.0016602,0.00082134,0
0.0025999,-0.0011128,0
0.0018131,-4.52E-05,0
0.0022112,0.00063012,0
0.0027093,-0.00086577,0
0.0027238,-0.00093271,0
0.0025336,-0.0010829,0
0.0023315,-0.00054623,0
0.0022003,0.00020146,0
0.0025413,-0.0013167,0
0.0025486,-0.00076917,0
0.0027517,-0.00042766,0
0.0038443,-0.00059494,0
0.0027674,-0.0019433,0
0.0026339,0.00065688,0
0.0025838,-0.0011686,0
0.0028678,-0.0011945,0
0.001942,-0.00029574,0
0.0023981,-0.00057367,0
0.0032463,-0.00066477,0
0.0021569,-0.00027627,0
0.0012705,-0.00079777,0
0.0022794,-0.00089672,0
0.0026877,-0.00028083,0
0.0021844,0.00032192,0
0.0021918,0.0012665,0
0.0031095,-0.00014554,0
0.003416,-0.00098915,0
0.0020469,0.0002345,0
0.0017948,0.0014718,0
0.0018215,0.00076846,0
0.0027552,-7.69E-06,0
0.0028987,-0.00098345,0
0.0033034,-0.00085846,0
0.0029383,-0.0014213,0
0.0025954,-0.00061471,0
0.0020041,-0.00025747,0
0.0018191,0.00069944,0
0.0014712,0.00012403,0
0.0025359,-0.00039118,0
0.0034826,-0.00094022,0
0.0025602,-0.00018481,0
0.0028388,-0.00096925,0
0.0021509,0.0019331,0
0.0026357,-0.00073238,0
0.0036727,-0.0011995,0
0.0030188,-0.00064051,0
0.0034018,-0.0010364,0
0.0026873,-0.00076126,0
0.0028273,-0.00096741,0
0.002033,-0.00031615,0
0.0016925,0.0014792,0
0.0019303,-0.001537,0
0.0028524,-0.0010023,0
0.0025853,-0.00057302,0
0.0026261,-0.00015305,0
0.0029257,-0.00020473,0
0.0036045,-0.00089616,0
0.0027069,-0.0012439,0
0.0026968,-0.00062164,0
0.0027185,-5.51E-05,0
0.0030447,-0.00057234,0
0.0025286,-0.00076787,0
0.0020434,0.00061717,0
0.0024531,-0.00020501,0
0.0024316,-0.00058758,0
0.0018908,0.00085502,0
0.0029862,-0.00034304,0
0.0024902,-5.21E-05,0
0.0028611,-0.00074153,0
0.0035084,-0.0010131,0
0.0021951,2.77E-05,0
0.0026594,-0.0012667,0
0.0028346,-0.0013271,0
0.0029453,-0.0007135,0
0.0030834,-0.00071441,0
0.0030084,-0.00037825,0
0.0025431,-0.00029809,0
0.0030644,-0.001071,0
0.003232,-0.00093598,0
0.003533,-0.0011585,0
0.0030539,-0.0010544,0
0.0014257,-0.0003789,0
0.0018377,2.36E-05,0
0.0027306,-0.00089617,0
0.0026394,-0.00072042,0
0.002139,0.00055182,0
0.002065,-0.00084666,0
0.0021283,0.00079413,0
0.0031615,0.00028392,0
0.0028569,-0.0012897,0
0.0028255,-0.00064624,0
0.0019115,-0.0011614,0
0.0032553,-0.00074927,0
0.0035313,-0.0010005,0
0.0026758,-0.00075516,0
0.0034883,-0.0010878,0
0.0031313,-0.0007751,0
0.0031587,-0.0014818,0
0.001973,0.0012473,0
0.0032464,-0.00078099,0
0.0026799,-0.0010621,0
0.0026185,0.00026304,0
0.0025588,-0.0012855,0
0.0025599,-0.0014149,0
0.0025472,-0.0007889,0
0.0018873,0.00010711,0
0.0017468,0.00029369,0
0.0024492,-0.00062825,0
0.0026552,-0.00029096,0
0.002647,-0.0011503,0
0.0025512,-0.0006449,0
0.0024551,0.0015319,0
0.0034626,-0.00047781,0
0.0024405,-0.0013548,0
0.0019096,-0.00067581,0
0.0012514,0.00051071,0
0.0020351,0.0017025,0
0.0016551,-0.00020697,0
0.0020484,-0.0015075,0
0.0030612,-0.0003518,0
0.0026831,-0.00061022,0
0.0026214,-0.00079571,0
0.0021537,0.0013599,0
0.0020432,0.001053,0
0.0015097,0.00080536,0
0.0028597,-0.00073086,0
0.0033626,-0.001028,0
0.0024338,0.0010854,0
0.002923,-0.00083957,0
0.0019589,0.00097462,0
0.0017811,0.00045182,0
0.0030529,-0.00047858,0
0.0017692,0.00025381,0
0.0016387,-0.00022623,0
0.0030047,-0.00077827,0
0.0024618,0.00046423,0
0.0026788,0.00094375,0
0.002901,-0.00070633,0
0.00322,-0.00093148,0
0.0027947,-0.00087365,0
0.0029457,-0.00049532,0
0.002952,-0.00059507,0
0.0022451,0.0006316,0
0.0030715,-0.00085733,0
0.0024943,-0.00078104,0
0.00052916,0.00012636,0
0.0029414,-0.00092586,0
0.002328,0.0010926,0
0.0022281,0.00088165,0
0.0024162,-0.00069503,0
0.0018994,0.0009592,0
0.0027227,0.00046078,0
0.0030772,-0.00058002,0
0.0020594,0.00010935,0
0.0023484,-0.00055064,0
0.0028278,-0.0013501,0
0.0023213,-0.0010816,0
0.0026377,-5.69E-05,0
0.0023086,0.00013702,0
0.0028638,-0.00081189,0
0.0029164,-0.00076743,0
0.0033372,-0.00082493,0
0.003414,-0.0010286,0
0.0025032,-6.32E-05,0
0.0023931,-0.0010783,0
0.0029057,-0.00086359,0
0.0033491,-0.00095073,0
0.0024401,-0.00058539,0
0.0033381,-0.0010483,0
0.0032162,-0.0011801,0
0.0027062,-0.0010021,0
0.0027618,-0.00094934,0
0.0029014,-0.00044006,0
0.0023851,-0.0013149,0
0.0030958,-0.0012252,0
0.002608,0.00030538,0
0.0026629,0.00021336,0
0.0024791,-0.00086673,0
0.0036442,-0.0010059,0
0.0025718,-0.001076,0
0.0022695,-0.00043379,0
0.0032931,-0.00064947,0
0.0025038,-0.0013296,0
0.0034089,-0.00093358,0
0.0029349,-0.0001293,0
0.0034497,-0.00075602,0
0.0035091,-0.00038747,0
0.0029591,-0.00010928,0
0.0031702,-0.0010348,0
0.0021945,0.00039161,0
0.0014329,0.00012855,0
0.0029519,-0.0007903,0
0.0033687,-0.0005305,0
0.0020709,0.00015244,0
0.0020145,-0.00081981,0
0.0024993,-0.0014744,0
0.0022071,-0.0011004,0
0.0029137,-0.0014167,0
0.0024701,-0.0010733,0
0.0025488,0.00050462,0
0.0024461,-0.00079417,0
0.0023404,-0.0011325,0
0.0034146,-0.0006406,0
0.0034781,-0.00091286,0
0.0020914,-0.00049377,0
0.0027033,-7.91E-05,0
0.0032469,-0.0010109,0
0.0026442,-0.00062486,0
0.0028405,2.09E-05,0
0.0021161,-0.00021888,0
0.0024329,-0.0014511,0
0.0032432,-0.0011127,0
0.0025019,0.00079031,0
0.0026527,-0.0011158,0
0.0025292,-0.00064414,0
0.0013575,-0.0012237,0
0.0016749,0.00041462,0
0.0019188,0.00058097,0
0.0018578,0.00044018,0
0.0028504,-0.00024866,0
0.0020429,0.00092284,0
0.0032339,-0.0009165,0
0.0032909,-0.00038557,0
0.0014009,-0.00052943,0
0.0027509,-0.00099992,0
0.0015954,-0.00052803,0
0.0019448,0.00057762,0
0.0017792,-2.05E-05,0
0.0026578,-2.73E-05,0
0.002234,-0.0001045,0
0.0026298,-0.0002092,0
0.002939,-0.001067,0
0.0014897,0.00030093,0
0.0015304,6.58E-05,0
0.0025857,0.00053057,0
0.0030732,-0.00044094,0
0.0034717,-0.00077626,0
0.0034446,-0.00027973,0
0.0020824,0.00069414,0
0.0019097,0.00061705,0
0.0020176,0.00036343,0
0.0025757,-0.00056145,0
0.0020602,0.00037478,0
0.0022121,-0.00072333,0
0.0021571,0.00057134,0
0.0025096,0.00023634,0
0.0026176,-0.0013497,0
0.0024583,-0.00094957,0
0.0034665,-0.0012137,0
0.0022456,0.00043283,0
0.0028183,-0.0010061,0
0.0025575,-0.00025923,0
0.0022286,-0.0010463,0
0.0025366,-0.00023677,0
0.0024803,-0.0013452,0
0.0027543,-0.0013265,0
0.0031072,-0.00083172,0
0.0031282,-0.00086248,0
0.0038267,-0.00089106,0
0.0030956,-0.00048597,0
0.0027884,-0.00061546,0
0.0023837,-0.00097176,0
0.002275,0.001132,0
0.0021283,-0.00015142,0
0.0028372,-0.00084132,0
0.0029126,-0.00086326,0
0.0034229,-0.00037845,0
0.0023719,-0.00080555,0
0.0031437,-0.0006294,0
0.0036949,-0.00063938,0
0.0018926,0.00084946,0
0.0024006,-0.0011342,0
0.0025381,-0.00099358,0
0.002331,-0.00099952,0
0.003327,-0.00049234,0
0.0030504,-0.000546,0
0.0029506,-0.00072729,0
0.0020609,-0.00070651,0
0.0021045,0.00062306,0
0.0023438,0.00064159,0
0.0027969,-5.17E-05,0
0.0019817,-0.00043365,0
0.0027373,-0.00038362,0
0.0033124,-0.00094311,0
0.0014815,-0.00066759,0
0.0027781,-0.00024255,0
0.0025163,-0.0010338,0
0.0027662,-0.0010491,0
0.0033273,-0.00066014,0
0.0024865,-0.00060786,0
0.0026755,-0.00074285,0
0.0022141,-0.00040338,0
0.0021,-0.00020954,0
0.0023659,0.00085445,0
0.0018663,-0.00029261,0
0.0030748,-0.00069022,0
0.0026644,-0.00077685,0
0.0031427,-0.00096694,0
0.002934,-0.0010707,0
0.001812,0.00079395,0
0.0026402,-0.00025634,0
0.0028969,-0.00087772,0
0.0029569,-0.00063467,0
0.0031718,-0.00021318,0
0.0018183,0.0013515,0
0.0015601,0.00074249,0
0.0021504,0.00061385,0
0.0033194,-0.0012103,0
0.0030479,-0.00063197,0
0.0034838,-0.00070282,0
0.0026385,-0.0007296,0
0.0026512,-0.0010744,0
0.0027672,5.33E-06,0
0.0025522,-0.00022234,0
0.0030194,-0.00094302,0
0.0027987,-5.03E-06,0
0.0028751,-0.00013626,0
0.0030123,-0.00052361,0
0.0028727,-0.0005808,0
0.0024717,-0.00063832,0
0.0024376,-0.00080699,0
0.0026693,-0.0010783,0
0.0022242,-0.00013585,0
0.0025506,0.00028699,0
0.0029934,-8.41E-05,0
0.0031652,-0.00074208,0
0.0023649,0.00041322,0
0.0017769,0.0006845,0
0.0029575,-0.0009991,0
0.0029036,-0.00015579,0
0.0020371,0.00071666,0
0.0025854,-0.00068024,0
0.002537,-0.0011445,0
0.0017581,-0.00020313,0
0.0024334,0.00063695,0
0.0023881,-0.00059941,0
0.0028724,-0.00098273,0
0.0036627,-0.00057107,0
0.0036009,-0.0012069,0
0.0020582,-0.00019775,0
0.0030963,-0.00017226,0
0.0030087,-0.0011994,0
0.0031076,-0.00099216,0
0.003074,-0.00084584,0
0.0034765,-0.00095308,0
0.0028637,-0.00076651,0
0.0028418,-0.00070379,0
0.0021268,0.00084398,0
0.002634,-0.00048555,0
0.0032264,-0.0008173,0
0.003115,-0.0011986,0
0.0026212,-0.0012161,0
0.0034109,-0.00068653,0
0.002725,-0.0011062,0
0.0032557,-0.00095835,0
0.0028779,-0.00090183,0
0.0025295,-0.0010639,0
0.0018748,0.00036209,0
0.0029047,0.00086646,0
0.0031571,-0.0005401,0
0.0011734,-0.00055502,0
0.0029613,-0.0007544,0
0.0030296,-0.00019841,0
0.0018649,-0.00040127,0
0.0014784,0.00030145,0
0.0019795,0.00065287,0
0.0027744,0.00067786,0
0.0014369,0.00069102,0
0.0020976,0.00031868,0
0.0032739,-0.00091328,0
0.0027276,0.00030726,0
0.00247,-0.00034366,0
0.0035316,-0.0007588,0
0.0024589,0.00030246,0
0.0036282,-0.00049951,0
0.0025591,-0.0014049,0
0.0025649,0.00043807,0
0.0031358,-0.00039107,0
0.0025698,0.00055097,0
0.0017473,0.00083769,0
0.0017342,0.00090825,0
0.0031902,-0.0011956,0
0.0027372,-0.00047684,0
0.0016662,0.00081203,0
0.0027684,-0.00059374,0
0.0021368,0.00055553,0
0.003043,-0.0012714,0
0.0033434,-0.00080675,0
0.0034674,-0.00032401,0
0.0032186,-0.00091617,0
0.0021268,0.00067767,0
0.002294,-0.00024462,0
0.0027125,-0.00052411,0
0.0022598,-0.00012979,0
0.003109,0.0002302,0
0.0023725,-0.00022068,0
0.0020299,0.00013544,0
0.0023367,-0.00047547,0
0.0024622,-0.00084293,0
0.0015206,0.00028774,0
0.0026874,-0.0013818,0
0.0036053,-0.00056617,0
0.0014845,0.00039234,0
0.0028534,-0.00023522,0
0.0027849,-0.0011498,0
0.0015203,0.00095438,0
0.0017816,0.00073924,0
0.0027362,-0.0011171,0
0.0026187,0.0011986,0
0.0012268,0.0009148,0
0.0024064,3.81E-05,0
0.0025111,-0.00066312,0
0.002889,-0.0009117,0
0.0020062,-0.00092752,0
0.0029602,-0.00075209,0
0.0035335,-0.00067363,0
0.0024363,8.00E-05,0
0.0023156,-0.0013137,0
0.0026725,-0.00052048,0
0.0026653,-0.00019033,0
0.0025425,-0.00061451,0
0.0032902,-0.00057073,0
0.0028612,-0.00036622,0
0.002793,-0.00049694,0
0.0031295,-0.0011946,0
0.0015906,-0.0010048,0
0.0011828,0.00083058,0
0.001882,0.00030763,0
0.0028468,-0.00040513,0
0.0022338,-0.00052803,0
0.0018652,-0.00072493,0
0.0029588,-0.00090449,0
0.0032463,-0.00057078,0
0.0027902,-1.00E-04,0
0.001558,0.00041359,0
0.0022488,0.00037562,0
0.0023748,-1.66E-05,0
0.0015701,0.00012185,0
0.0026645,-0.0010645,0
0.0028405,-0.00023714,0
0.0020963,0.00021029,0
0.0023198,-0.00065057,0
0.0027201,-0.00057558,0
0.0020959,-0.0003585,0
0.0016998,0.00089284,0
0.0031639,-0.001032,0
0.0022105,-0.0015407,0
0.0031254,-0.00052837,0
0.002253,-0.0002835,0
0.0016239,6.30E-05,0
0.0029693,-0.0010787,0
0.0029064,-0.00093554,0
0.0025796,-0.00030048,0
0.0028453,-0.00098083,0
0.0027383,-0.00025827,0
0.0025272,-0.0007073,0
0.0015826,0.00015756,0
0.0028447,-0.0011265,0
0.0022728,-0.00024725,0
0.0032621,-0.00055788,0
0.0031327,-0.0010718,0
0.0029546,-0.00071254,0
0.0020184,0.001102,0
0.0031671,-0.00073093,0
0.0028732,-0.00040581,0
0.0031633,-0.00069442,0
0.0031739,-0.00080067,0
0.0027074,-0.0012138,0
0.0022234,0.00030904,0
0.0025611,4.21E-05,0
0.0027524,-0.00073618,0
0.0036298,-0.00096134,0
0.0028867,-0.00074332,0
0.0022977,0.00078989,0
0.0021944,-0.00051572,0
0.0028182,-0.00087903,0
0.0029708,-0.00091113,0
0.0018908,-0.00027039,0
0.0028498,-0.0011809,0
0.002548,-0.00064502,0
0.0027254,-0.0010467,0
0.0032309,-0.0011181,0
0.0020718,-0.00048183,0
0.0014156,0.00039654,0
0.0024363,0.00075065,0
0.0029903,-0.0010038,0
0.0029259,-0.0011253,0
0.0024133,0.0011171,0
0.0026052,-3.08E-05,0
0.0023477,-0.00030089,0
0.0021609,-0.00026692,0
0.0019794,0.00043192,0
0.003063,-0.00085759,0
0.0032922,-0.00057086,0
0.0021511,0.00059195,0
0.0032971,-0.00053119,0
0.0031544,-0.00094284,0
0.0026624,-0.0014792,0
0.0021581,-0.001159,0
0.0029947,-0.00086018,0
0.0014883,0.00018171,0
0.0036875,-0.00038841,0
0.0031902,-0.0010925,0
0.0023998,-0.0004209,0
0.0018173,0.00087342,0
0.0035513,-0.0010383,0
0.0025483,-0.0012844,0
0.0029803,-0.0010342,0
0.0018826,0.0011184,0
0.0028525,-0.00028828,0
0.0028236,0.00046777,0
0.0032939,-0.00085322,0
0.0020892,0.00049756,0
0.0031324,-0.000758,0
0.0025944,-0.00019877,0
0.0030235,-0.0010291,0
0.003408,0.00018853,0
0.0027921,-0.0010152,0
0.0024133,-8.49E-05,0
0.0025332,-0.00067559,0
0.0024377,-0.00048214,0
0.0021891,-0.00040327,0
0.0020503,0.00033684,0
0.0029012,-0.0011984,0
0.0025585,-0.0002567,0
0.0024469,-0.0006174,0
0.0017758,-0.00081846,0
0.0032879,-0.0010737,0
0.002874,-0.0011645,0
0.0019671,-0.00089085,0
0.0028683,-0.00040392,0
0.0023196,0.00082888,0
0.0029576,-0.00016875,0
0.0012397,0.0002073,0
0.0021874,-0.00045479,0
0.0027244,-0.0010365,0
0.002987,-0.00063497,0
0.0014195,0.0014515,0
0.0034807,-0.00040754,0
0.0033909,-0.00062719,0
0.0023496,-0.0007313,0
0.0016637,0.0012898,0
0.0015876,0.00031315,0
0.0028394,-0.00064593,0
0.0026594,-5.12E-05,0
0.0014847,-0.0014252,0
0.0028301,-0.00077633,0
0.0024002,-0.00064158,0
0.0015977,8.80E-05,0
0.0018986,0.001466,0
0.0026887,-0.00088896,0
0.0029436,-0.00022533,0
0.002646,-0.0013841,0
0.002175,-3.67E-05,0
0.0027942,-0.00099079,0
0.0033168,-0.0012253,0
0.0031691,-0.00071311,0
0.002251,-0.0016408,0
0.0023353,-0.00032159,0
0.0022561,0.00098704,0
0.0020586,-0.00047042,0
0.0019821,0.0011956,0
0.0020923,0.00042068,0
0.0032074,0.00019002,0
0.0019969,0.00072863,0
0.002882,-0.0012452,0
0.0024381,-0.0010379,0
0.0020916,-0.00017227,0
0.0032839,-0.0010162,0
0.0032696,-0.00048054,0
0.0026642,-0.0007622,0
0.0017595,-0.0011989,0
0.0011339,-0.0010667,0
0.0018448,-0.0011116,0
0.0019645,-0.00062258,0
0.0027464,0.00016525,0
0.0032558,-0.0010521,0
0.0023273,0.0012443,0
0.003614,-0.0011669,0
0.0014733,-0.00091502,0
0.0026347,-0.00064684,0
0.00064326,-0.0018951,0
0.00083029,-0.0014311,0
0.002631,-0.00093179,0
0.0022809,-0.00082336,0
0.0020799,-0.0010073,0
0.0021259,-0.0013401,0
0.0025175,-0.0016095,0
0.0014615,-0.00083528,0
0.0026485,-0.00026704,0
0.0024456,-9.52E-05,0
0.0020441,-0.00095952,0
0.0018615,-0.0013871,0
0.0029552,-0.0019622,0
0.002754,-0.0017975,0
0.00079196,-0.0014783,0
5.57E-05,-0.00097268,0
0.0013654,-0.0010117,0
0.0018109,-0.0010081,0
0.0019542,-0.0015355,0
0.0022382,-0.0012036,0
0.0023819,-0.0011153,0
0.00023296,-0.0017211,0
0.0024699,-0.00047868,0
0.0025621,-0.00079945,0
0.0029398,0.0010645,0
0.00098346,-0.00033452,0
0.0023079,-2.60E-05,0
0.0017783,-0.00045576,0
0.002895,-0.00050712,0
0.0021721,-0.0011075,0
0.0022819,-0.001161,0
0.00077945,-0.0017327,0
0.0018465,-0.00054553,0
0.0010025,-0.002046,0
0.0022528,-0.0001181,0
0.0020701,-0.00081317,0
0.0033291,-0.0010312,0
0.0020093,0.00011779,0
0.0029288,-0.00028698,0
0.0019332,0.00071175,0
0.0029579,-0.00013127,0
-0.00032238,-0.00034928,0
0.0018418,-0.0018512,0
-0.00013231,-0.00029699,0
0.0036066,-0.0011851,0
0.0026566,0.00074442,0
0.0027147,0.00040733,0
0.0027715,-0.00075491,0
0.0022578,-0.0020901,0
0.0028584,-0.0019326,0
0.001396,-0.00056933,0
0.0022068,-0.0019919,0
0.0019513,-0.00092168,0
0.0024619,-0.0012517,0
0.003046,-0.0013698,0
0.0025888,-0.0013914,0
0.0019484,-0.0018049,0
0.0022945,-0.0027747,0
0.00056493,-0.0014737,0
0.00030186,-0.001366,0
0.002682,9.66E-05,0
0.0015618,-0.00022859,0
0.00053606,-0.0018834,0
0.002181,0.0005384,0
0.0019158,-0.0010243,0
0.0024428,0.0003881,0
0.002322,0.0005343,0
0.0021703,-0.0019257,0
0.0027448,-0.0013766,0
7.09E-05,-0.0017474,0
0.0031259,-0.0007066,0
0.0019655,-0.0012803,0
0.0027911,-0.00077175,0
0.0022199,-0.00065693,0
0.0014817,-0.0013249,0
0.0027414,0.00028479,0
0.0028378,-0.0001182,0
0.002823,-0.0014865,0
0.0016099,-0.00017771,0
0.00093566,-0.0014801,0
0.0022451,-0.0019918,0
0.0024533,-0.001102,0
0.0025566,-0.00013949,0
0.0014847,-0.0013507,0
0.0010805,-0.00040547,0
0.0012769,0.00028201,0
-0.00024119,-0.00051578,0
0.0026068,-0.00036345,0
0.0026542,-0.0015267,0
0.0020628,-0.0011241,0
0.0020407,-0.002383,0
0.0019795,-0.0026683,0
0.0022758,0.00040427,0
0.001465,0.0010698,0
0.0036152,-0.0013609,0
0.0023895,-0.0011876,0
0.0024095,-0.0023565,0
0.00164,-0.0022662,0
0.0021906,-0.00032133,0
0.0029274,0.00028761,0
0.0032232,-0.00029717,0
0.00078079,-0.0019838,0
0.0020576,-0.0010222,0
0.0018436,-0.00068222,0
0.0020652,-0.0026896,0
0.0022245,-0.0005417,0
0.0024789,-0.00056778,0
0.0019999,-0.0012811,0
0.0025247,-0.00040274,0
0.0031252,-0.00090566,0
0.0031977,-0.0004609,0
0.0021127,-0.0017238,0
0.0017833,-0.0012837,0
-9.81E-05,-0.0018376,0
0.0026563,-0.000767,0
0.0018499,-0.00052294,0
0.0031944,0.00024481,0
0.0021875,-0.0013029,0
0.00061938,-0.00040015,0
0.0010716,-0.0014732,0
0.0031714,-0.0021004,0
0.0014581,-0.0018578,0
0.0030127,8.28E-05,0
0.0023343,-0.0012691,0
0.0027149,-0.0010021,0
0.0027037,-0.00083429,0
0.0021748,-0.0017276,0
0.00077113,-0.0018024,0
0.00099045,-0.00042955,0
0.0021603,-0.0017562,0
0.0024283,-0.00086402,0
0.0028173,-0.001844,0
0.0022379,-0.0024868,0
0.0014319,-0.0013613,0
0.000908,-0.00044988,0
0.0023003,-0.00026884,0
0.0021456,-0.00088653,0
0.0029381,-0.0017871,0
0.0023352,-0.00032218,0
0.0013097,-0.00075248,0
0.0022772,-0.0014487,0
0.00261,-0.00075859,0
0.0025696,-0.0011051,0
0.00036756,-0.00035497,0
0.0015938,-0.0012744,0
0.00056675,-0.00019375,0
0.0028158,0.0013183,0
0.0026586,-0.0014562,0
0.002841,0.00073477,0
0.0015184,-0.00048946,0
0.0030247,0.00049313,0
0.0028188,-0.00078064,0
0.0019054,-0.0015644,0
0.0027678,-0.0012221,0
0.00205,-0.0011358,0
0.0007014,-0.00046096,0
0.002917,-0.0015004,0
0.0025859,-0.0015766,0
0.0013493,-0.0003871,0
0.00080995,-0.0010314,0
0.0023443,-0.0002228,0
0.0024763,-0.0002034,0
0.0031585,-0.00199,0
0.0027127,-0.0001719,0
0.0029458,-0.0015883,0
0.002277,-0.0007025,0
0.0016067,4.01E-05,0
0.0013694,0.00082691,0
0.0029625,0.0004795,0
0.0021589,-0.00066802,0
-0.0001102,-0.00086943,0
0.0031322,-0.00011888,0
0.0022762,0.00087269,0
0.00096063,-0.0010536,0
0.0022812,-7.18E-05,0
0.0023104,-0.00072437,0
0.0017545,-0.00063482,0
0.0023042,-0.00019636,0
0.0014346,-1.93E-05,0
0.0002148,-0.00086405,0
0.0018942,-0.0024035,0
0.0026334,-9.95E-06,0
0.0030204,-0.0011987,0
0.0020406,-0.0022996,0
0.0023452,-0.0015852,0
0.0027677,-0.00087572,0
3.96E-05,-0.00053985,0
0.00025485,-0.00068313,0
0.0022243,-0.00070298,0
0.0016524,-0.00054665,0
0.0019489,0.00017736,0
0.0027971,-0.00063357,0
0.0020257,-0.0017749,0
0.0012538,-0.0013021,0
0.0016515,0.00085722,0
0.0012234,-0.00073701,0
0.0023549,-5.23E-05,0
0.0018212,-0.001265,0
0.00087018,-0.0013472,0
0.0037096,-0.0016225,0
0.0028682,-0.0019624,0
0.00027091,-0.00028992,0
0.00053895,-0.0005972,0
0.0022072,-0.0013937,0
0.0022661,-0.00054224,0
0.0017183,-0.00073029,0
0.0010567,-0.00054141,0
0.0023846,-0.0012357,0
0.002077,-0.0014029,0
0.002186,-0.0024611,0
0.00094259,-0.0021075,0
0.0017552,-0.0027471,0
0.00098799,-0.0006718,0
0.0018617,-0.0011179,0
0.0032077,-0.00081409,0
0.0029769,-0.0016362,0
0.002842,-0.0010327,0
0.0022157,-0.00015948,0
0.0024022,-0.00020794,0
0.0022229,-0.00062935,0
0.00152,-0.0013455,0
0.0035971,-0.0012418,0
0.0014695,-0.0022669,0
0.0014805,-0.0017196,0
0.0024709,-0.00053393,0
0.0031067,6.14E-05,0
0.002486,-0.0016432,0
-0.00056597,-0.0011856,0
0.0034525,-0.00016104,0
0.0030943,-0.0017033,0
0.0020049,-0.0018182,0
0.0015092,-0.0017807,0
0.00061685,-0.0016668,0
0.0013423,-0.0014947,0
0.0018961,-0.00056923,0
0.0023388,-0.0014905,0
0.0030551,-1.19E-05,0
0.0021096,-0.00035996,0
0.0027568,-0.0007031,0
0.0013247,-0.00094725,0
0.0015514,-0.0020149,0
0.0024622,-0.0021482,0
0.0023181,-0.0019373,0
0.0019556,-0.0022353,0
0.0028205,0.00053981,0
0.0015649,0.00065067,0
0.0029349,-0.0012067,0
0.0023481,-0.00059492,0
0.0029359,0.00010778,0
0.0025369,-0.0018371,0
0.0017955,-0.0013216,0
0.0023488,-0.0012899,0
0.0033842,-0.00089015,0
0.0028733,-0.0013958,0
0.0004801,-0.0020993,0
0.0025943,-0.0025465,0
0.0026431,0.0016929,0
0.001399,-0.0015949,0
0.0015584,-0.0019871,0
0.0017154,-0.0013593,0
0.00041874,-0.0011078,0
0.0027861,-0.00037916,0
0.0031268,-0.0015644,0
0.0026923,-0.00098985,0
0.0032152,-0.00090294,0
0.0022914,-0.0012712,0
0.0032465,-0.0009102,0
0.0017024,-0.00088854,0
0.00039887,-0.0010254,0
0.0019978,-0.00078771,0
0.0016634,-0.0015806,0
0.0027731,-0.00026712,0
0.0023712,0.00084028,0
0.00086146,-0.00061825,0
0.0015956,-0.0013116,0
-3.10E-05,-0.0010748,0
0.0001295,-0.0017607,0
0.0025196,-0.00035214,0
0.0024193,-0.00014236,0
0.0022469,-0.00088752,0
0.0016295,-0.00094274,0
0.0032492,-0.0013343,0
0.0024409,-0.0013686,0
0.00097573,-0.00014245,0
0.001017,-0.00090643,0
0.0026677,-0.0022704,0
0.0024562,-0.00083091,0
0.0026665,-0.0019507,0
0.0025636,-0.00042842,0
0.00062525,-0.00028137,0
0.0026972,0.00031126,0
0.002559,0.00076374,0
0.0036242,-0.00090155,0
0.001418,0.00014698,0
0.0038508,-0.0011085,0
0.00054276,0.00030911,0
0.0023826,-0.00081569,0
0.0024312,0.001115,0
0.0022579,-0.00067285,0
0.0015142,-0.0021003,0
0.0010276,-0.0017842,0
0.00078792,-0.0024089,0
0.0017652,-0.0017201,0
0.003004,-0.0010165,0
0.0030883,-0.00067831,0
0.0018234,-0.0020756,0
0.0034028,-0.0015816,0
0.0033864,-0.00052036,0
0.0014551,-0.0022219,0
0.0017939,-0.0016623,0
0.00080639,-0.00064988,0
0.0019698,-0.0018305,0
0.0017368,-0.0028072,0
0.0016562,-0.00028436,0
6.77E-05,-0.00073399,0
0.0020372,-0.0017429,0
0.0011486,-0.00097494,0
0.0026702,0.00013663,0
0.001372,-0.001083,0
0.0007911,-0.0016407,0
-0.00036505,-0.0010802,0
0.0016365,-0.00087717,0
0.0013123,-0.00045372,0
0.0011982,-0.0012637,0
0.0026043,-0.0015971,0
0.00021092,-0.0011441,0
-4.65E-05,-0.0014591,0
0.0027352,-0.00036877,0
0.0017794,-0.00015225,0
0.0026098,-0.0001,0
0.0016065,-0.0011458,0
0.0014422,-0.0014305,0
0.0013779,-0.0010666,0
0.001399,4.70E-05,0
0.0020128,0.00047195,0
0.0028484,0.0011044,0
0.0034093,-0.0015095,0
0.0022229,-0.0023525,0
0.001412,-0.0013463,0
0.0021486,-0.0014375,0
0.0028359,-4.56E-05,0
0.0031359,-0.0013785,0
0.0022345,-0.00075251,0
0.00094257,-0.0006098,0
0.0024326,-0.00088165,0
0.0025004,-0.00029402,0
0.0018613,-0.00063702,0
0.0010542,-0.0014756,0
0.00098469,-0.0019404,0
0.0036982,-0.0016127,0
0.0016939,-0.00031118,0
0.0014546,-0.0013852,0
0.0012283,-0.00095485,0
0.0018538,-0.0015969,0
0.002399,-0.0010058,0
0.0036276,-0.0014299,0
0.00181,-0.00043384,0
0.0011992,-2.95E-05,0
0.0019638,-0.0006249,0
0.0022622,0.00050357,0
0.0020975,0.0008184,0
0.001514,-0.00038948,0
0.0029263,-5.25E-05,0
0.0015878,-0.00015271,0
0.0033456,-0.0013323,0
0.0025248,-0.0015819,0
0.0026838,-0.0009089,0
0.00020429,-0.0016335,0
0.0024618,-0.00095734,0
0.0023372,-0.00045552,0
0.0014005,0.00029858,0
0.0022084,0.00093516,0
0.0014934,-0.0021773,0
0.0019703,-0.00094868,0
0.0021232,-0.0021146,0
0.0016529,-0.0016691,0
0.0024476,-0.0020496,0
0.0020505,-0.0016784,0
0.0012653,-0.0004251,0
0.0025435,0.00027468,0
-8.43E-05,-0.0011817,0
0.0029553,-0.00048002,0
0.0024094,-0.00010794,0
0.002973,-0.0017061,0
0.0023595,-0.0023961,0
0.0021228,-0.0024096,0
0.0014435,0.00016935,0
0.0020189,-0.00017533,0
0.0029836,-0.00022767,0
0.003012,0.00018477,0
0.0026657,-0.0019593,0
0.0022475,-0.00033584,0
0.0005567,0.00021383,0
0.00058422,-0.00076641,0
0.0030668,-0.0012827,0
0.0020057,-0.00139,0
0.00064542,-0.00021481,0
0.0010963,-0.00078431,0
0.0021502,-0.00083651,0
2.80E-05,-0.0011491,0
0.00014115,-0.0021903,0
0.0022806,-0.000348,0
0.0020116,-0.0011363,0
0.0016864,-0.0010286,0
0.0029906,-0.00090649,0
0.0027031,-0.00040468,0
0.0034391,-0.0011501,0
0.0028403,0.00051369,0
0.0016808,-0.000253,0
0.0015275,0.00047671,0
0.00035114,-0.00011878,0
0.0012969,-4.45E-05,0
0.0013819,-0.00031757,0
0.0013935,-0.0014582,0
0.00065849,-0.00078012,0
0.0019691,-0.00017787,0
0.0033566,-0.00065979,0
0.0027152,-0.0016512,0
0.0023986,-0.0015426,0
0.0026793,-0.00079619,0
0.0012443,-0.001979,0
0.0018699,-0.00081693,0
0.0021617,-0.0020992,0
0.00081337,-0.00098466,0
0.00104,-0.00069719,0
0.0032543,-0.001917,0
0.0032993,-0.0015157,0
0.0026697,0.00028189,0
0.0011813,0.001104,0
0.0027865,-0.0011553,0
0.003081,-0.0013366,0
0.0035513,-0.0015429,0
0.0020804,-0.0016631,0
0.0011557,-0.0005422,0
0.0016026,-0.0001401,0
0.0013609,0.00085664,0
0.0010352,0.00020814,0
0.0019586,-0.0010821,0
0.0014649,-0.0015587,0
0.0012962,-0.00093597,0
0.0033079,0.00053887,0
0.0014658,-0.0018498,0
0.0026216,0.00036458,0
0.0023607,-0.00098097,0
0.0031153,0.00015203,0
0.003178,-0.0011436,0
0.0029212,-0.00058088,0
0.0016672,-0.00083335,0
0.0033759,0.00030177,0
0.001716,-0.0017785,0
0.0006125,-0.001347,0
0.00065873,-0.00010691,0
0.0026388,-0.0011874,0
0.00034581,-0.00079737,0
0.0018939,0.00053656,0
0.0022091,-0.0011984,0
0.0026784,-0.00076181,0
0.0018981,-0.0011108,0
0.0017849,-0.0016888,0
0.0023046,-0.00027896,0
0.0027571,-0.00021146,0
0.0018263,-0.0015734,0
0.0021357,-0.0010635,0
0.0013165,-0.00057775,0
0.00053686,-0.00063609,0
0.0021972,-0.0019085,0
0.0009968,-0.00030405,0
0.0024764,7.86E-05,0
0.0020693,-0.00163,0
0.0021508,-0.0011204,0
0.0027506,0.0002231,0
0.00029361,0.0002557,0
0.0030372,-0.00039598,0
0.0029951,-0.00044098,0
0.0020954,-0.00086716,0
0.0016811,-0.0026431,0
0.00057107,-0.0011054,0
0.0017492,-0.0011263,0
0.0027421,-0.00063791,0
0.0019717,4.72E-05,0
0.0013438,-0.0004325,0
0.0026472,-0.00171,0
0.001878,-0.00098308,0
0.0020619,-0.0011429,0
0.0016873,-0.00023037,0
0.0027306,-0.0014004,0
-0.00091712,-0.00085704,0
0.0026703,-0.00031454,0
0.00076797,-0.0013086,0
0.0014182,0.00072692,0
0.0017813,-0.0009906,0
0.0020523,-0.0014061,0
0.0011492,-0.00018492,0
-0.00016095,-0.00032726,0
0.00023441,-0.0011643,0
0.0011331,-0.00055203,0
0.001542,-0.00041501,0
0.0016214,-0.0019592,0
0.0017753,-0.0020587,0
0.0017158,-0.0016085,0
0.0022685,-0.00063896,0
0.00071102,0.00030414,0
0.0024776,-0.0018368,0
0.0022624,0.0003255,0
7.97E-05,-0.00073055,0
0.0019142,-0.0010773,0
0.0024253,-0.0016672,0
0.0026677,-0.0016437,0
0.0020653,-0.0019395,0
0.0022757,-0.0021189,0
0.0024057,-0.0015171,0
0.001002,-0.0019656,0
0.0020298,-0.0017309,0
0.0016447,-0.00036217,0
0.00090622,-0.00088903,0
0.0016178,-0.0018624,0
0.0021417,-0.0015525,0
0.0028224,-0.001982,0
0.00094898,-0.0019826,0
0.00094099,-0.00049426,0
0.0026307,-0.0020859,0
0.0014561,-0.0022967,0
0.0016829,-0.0022727,0
0.0024297,-8.60E-05,0
0.0026739,-0.00020961,0
0.00107,-0.0027165,0
0.0014018,-0.0015227,0
0.0014749,-0.0023183,0
0.0008958,-0.0024795,0
0.0020149,-0.00083596,0
0.001982,-0.0014003,0
0.002406,-0.0020667,0
0.0025901,-0.0012835,0
0.0025443,0.00020701,0
0.0017606,-0.00041484,0
0.0015377,-0.0010634,0
0.0025894,-0.0015077,0
0.0026833,-0.00095868,0
0.0022314,-0.0010037,0
0.0010609,-0.00092363,0
0.0020139,-0.0012862,0
0.0020368,-0.00012132,0
0.0022348,-0.0011661,0
0.0031351,-0.00098052,0
0.0025809,-0.0003675,0
0.0021257,0.00044826,0
0.0022845,0.0003991,0
0.0015852,0.00027362,0
0.0029895,-0.0001358,0
0.0015842,0.00011016,0
0.0017018,0.00057935,0
0.002267,-0.0016198,0
0.0024807,-0.0023403,0
0.0029453,-0.00034753,0
0.002753,-0.0013484,0
0.00092795,-0.0008515,0
0.0010994,-0.001032,0
0.0015769,-0.0015401,0
0.00024014,-0.00034315,0
0.0029812,-0.0023001,0
0.00088129,-0.00036423,0
0.0034614,-0.0019965,0
0.0033437,-0.00039123,0
0.0015747,-0.0006684,0
0.0029802,0.00072091,0
0.0017604,-0.0013343,0
0.002095,-0.002424,0
0.0025912,1.52E-05,0
0.0017663,-0.001428,0
0.0024799,-0.001831,0
0.0020064,-0.0021794,0
0.0020457,0.00085853,0
-9.61E-05,-0.00017935,0
0.00051904,-0.0017462,0
0.0018824,-0.00066716,0
0.00175,-0.00084965,0
0.0019195,-0.00022483,0
0.001956,-0.00098247,0
0.0028633,-0.0010934,0
0.0032729,-0.00098853,0
0.0019844,-0.0013448,0
0.0020463,-0.0019795,0
0.0019557,-0.0016636,0
0.0014689,-0.001357,0
0.0014274,-0.00043592,0
0.0020399,-0.0010946,0
0.001134,-0.0014537,0
0.0033755,9.34E-05,0
0.0019396,-0.0014904,0
0.0031736,-0.00072591,0
0.0014251,-0.0017567,0
0.0025065,-0.0010495,0
0.0012833,-0.0025221,0
0.0024736,-0.0021468,0
0.001692,-0.0012441,0
0.0019542,-0.0016209,0
0.0014436,-0.0019375,0
0.00070502,-0.0018234,0
0.0016971,-0.0016734,0
0.0029118,-0.00047571,0
0.0010333,0.00095156,0
0.0027423,-0.0023457,0
0.0013692,-0.0011406,0
0.0022347,-0.0014383,0
0.0022345,-0.001524,0
0.00095868,-0.0022974,0
0.00053838,-0.0016891,0
0.0012434,-0.001588,0
0.0024137,-0.0018731,0
0.0013316,-0.0005876,0
0.0020632,-0.0012431,0
0.0026247,-0.0011908,0
0.0011517,-0.001428,0
0.0023839,-0.00087893,0
0.00059385,-0.00047033,0
0.0028423,-0.0016847,0
0.0016558,0.00022365,0
0.0027333,-0.00092878,0
0.0028694,-0.00017663,0
0.0015578,-0.00093815,0
0.0018732,-0.0015057,0
0.0023874,-0.00040562,0
0.0023445,-0.0003925,0
0.00065063,-0.0022442,0
0.00072375,-0.0017589,0
0.0015592,-0.0016011,0
0.0034196,-0.0019365,0
0.00067747,-0.0010413,0
0.0020718,-0.0012225,0
0.0013693,-0.0018324,0
0.001288,-0.00036698,0
0.0031918,-0.0013056,0
0.0021073,-0.0016028,0
0.0015835,-0.0011865,0
0.0014236,-0.0013411,0
0.00051147,-0.00074737,0
0.0013332,-0.0014992,0
0.00025171,-0.0020298,0
0.002247,0.002045,0
0.0023029,-0.00090047,0
0.0031907,-0.0024041,0
0.0040588,-0.0015015,0
0.0019246,-0.0013655,0
0.0020008,-0.0020404,0
0.0011342,-0.00031324,0
0.0018336,-0.00074911,0
0.0006179,0.00013754,0
0.00047069,-0.00020598,0
-0.00026177,-0.0019409,0
0.0011636,0.00036415,0
0.00051224,0.00022464,0
-0.00029637,-0.00093035,0
-0.00018111,-0.00024691,0
0.0034977,-0.0011866,0
0.0029563,-7.61E-05,0
0.0029836,-0.0010427,0
